date,outflows_1,outflows_2,outflows_3,outflows_4,outflows_5,total_outflows
9/8/2018,-2582003.0,-6366605.0,-1568921.0,-9573491.0,-8110319.0,-28201339.0
12/8/2018,-5856723.0,-1439450.0,-6993774.0,-431987.0,-8101912.0,-22823846.0
2/18/2018,-1953914.0,-9788890.0,-8717096.0,-1149447.0,-149761.0,-21759108.0
12/15/2018,-5578717.0,-5963877.0,-2819709.02,-341014.0,-4269258.55,-18972575.57
3/20/2018,-980486.0,-4925213.0,-6478648.0,-1400046.0,-6153959.0,-19938352.0
9/10/2018,-8153339.0,-1458257.0,-2048099.0,-2878904.0,-7104122.0,-21642721.0
2/26/2018,-5567795.47,-6617695.0,-6584591.0,-9019186.0,-6504353.48,-34293620.95
9/20/2018,-2066629.0,-1073322.0,-7895668.0,-849550.0,-724914.0,-12610083.0
5/20/2018,-5350276.0,-1672280.74,-8538310.0,-1465035.0,-9805742.0,-26831643.74
6/20/2018,-1078595.0,-7800047.0,-668393.0,-2378522.0,-8535996.0,-20461553.0
1/24/2018,-9536160.0,-7952208.0,-9249692.0,-6712278.05,-3463653.05,-36913991.1
6/30/2018,-7815818.62,-3008282.0,-3999996.0,-2587443.0,-4088231.0,-21499770.62
5/17/2018,-8003051.0,-3495302.03,-1700665.0,-7305576.0,-4177489.0,-24682083.03
2/5/2018,-6616678.0,-4724546.65,-7909641.0,-2909685.0,-6477207.72,-28637758.37
10/16/2018,-817809.0,-8742494.0,-4249460.57,-4199131.0,-1224157.0,-19233051.57
2/3/2018,-6121477.0,-7333634.0,-2863864.0,-4039783.36,-7274945.0,-27633703.36
12/29/2018,-428623.0,-5220604.0,-3773995.22,-6488531.82,-2770639.19,-18682393.23
4/6/2018,-8492069.0,-4237184.0,-8560976.0,-7057205.0,-2452297.0,-30799731.0
9/24/2018,-1311215.0,-5399150.0,-7705523.0,-1029832.0,-1483101.0,-16928821.0
7/26/2018,-5992287.0,-6052898.25,-3590971.0,-5749654.0,-5355518.0,-26741328.25
2/1/2018,-6360726.0,-4801897.37,-1220394.0,-8242521.0,-4202610.0,-24828148.37
6/10/2018,-5710219.0,-7782966.0,-5464221.53,-9458000.0,-4603437.0,-33018843.53
3/10/2018,-3883854.0,-6150046.84,-929368.0,-4407429.0,-9677590.0,-25048287.84
2/25/2018,-633727.0,-980200.0,-6696432.0,-9568389.0,-3967559.0,-21846307.0
7/31/2018,-4057514.0,-6492634.0,-739673.0,-6158120.0,-9024097.0,-26472038.0
6/4/2018,-5072239.0,-4811259.58,-4593513.19,-8914954.0,-7154839.0,-30546804.77
3/21/2018,-3745467.35,-6550243.0,-243842.0,-6612850.09,-4294563.0,-21446965.44
7/25/2018,-3068809.0,-4581777.01,-6567936.0,-4856917.0,-3568194.03,-22643633.04
8/18/2018,-9952379.0,-4426721.18,-9670256.0,-5021615.0,-1114771.0,-30185742.18
4/9/2018,-3879762.0,-3443488.24,-9116864.0,-4984192.0,-3661211.67,-25085517.91
1/3/2018,-4233312.78,-6196381.0,-3592293.0,-7455091.0,-1332482.0,-22809559.78
6/16/2018,-8348016.0,-7547502.33,-1815754.0,-2412393.55,-5557622.32,-25681288.2
4/30/2018,-8934653.0,-7051836.0,-8245862.0,-6991929.0,-5575245.0,-36799525.0
4/6/2018,-4672342.97,-1000575.0,-5297818.82,-3829304.0,-9731635.0,-24531675.79
12/24/2018,-9444909.0,-1729599.0,-4288250.96,-5206087.0,-9615486.0,-30284331.96
3/5/2018,-4943895.0,-8121432.0,-9338595.0,-6258919.0,-832875.0,-29495716.0
7/25/2018,-33592.0,-4699567.61,-3326035.0,-1593064.0,-1304001.0,-10956259.61
11/8/2018,-4418725.0,-3931478.07,-3272907.0,-7841866.0,-3654958.0,-23119934.07
12/28/2018,-9848428.0,-5691874.0,-195402.0,-7482696.7,-2149469.72,-25367870.42
3/25/2018,-2182279.0,-9582396.0,-8570895.0,-914836.0,-7695213.0,-28945619.0
7/9/2018,-5152272.0,-3089499.0,-1871399.0,-8061433.95,-8771118.0,-26945721.95
11/23/2018,-524698.0,-9237673.0,-7315363.0,-2014086.0,-5834490.72,-24926310.72
6/10/2018,-4794095.59,-632978.0,-5169164.0,-9204645.0,-8079532.67,-27880415.26
7/23/2018,-3302048.84,-6253005.0,-2457349.0,-7802619.0,-197759.0,-20012780.84
9/13/2018,-5156799.36,-7833923.0,-481421.0,-2356526.0,-7930783.0,-23759452.36
7/14/2018,-106168.0,-5995276.0,-4630066.73,-7370723.81,-9527937.0,-27630171.54
9/9/2018,-5876043.0,-3121691.3,-2181695.16,-1847142.0,-5565773.39,-18592344.85
9/7/2018,-7058505.0,-2576485.73,-8939575.0,-6085590.0,-959300.0,-25619455.73
2/3/2018,-7044419.0,-8761714.0,-3892897.0,-8550674.0,-9320548.0,-37570252.0
1/7/2018,-735447.0,-1738973.53,-4657655.0,-965543.0,-5810705.61,-13908324.14
6/25/2018,-9786324.0,-6918892.1,-7976042.2,-8373507.0,-5148626.46,-38203391.76
7/12/2018,-7833133.0,-9381566.0,-9199887.0,-680530.0,-8581746.0,-35676862.0
3/29/2018,-7479949.0,-9032992.0,-5391921.4,-5197568.79,-8131739.0,-35234170.19
10/22/2018,-5745628.0,-170772.0,-9288531.0,-8002397.46,-316796.0,-23524124.46
9/4/2018,-5785071.0,-5676024.0,-9830910.0,-7642211.0,-2853416.93,-31787632.93
8/18/2018,-3705500.32,-7428487.0,-6692930.0,-3212861.0,-3510063.16,-24549841.48
8/28/2018,-9527068.0,-6168341.0,-5665093.8,-9066304.0,-9600781.0,-40027587.8
7/21/2018,-1380276.0,-165411.0,-6646884.0,-9153834.0,-116207.0,-17462612.0
6/11/2018,-8702803.0,-9115378.0,-5016266.7,-8907848.0,-2530993.83,-34273289.53
6/18/2018,-8757666.0,-5506437.0,-9222463.0,-5424079.53,-5699296.89,-34609942.42
11/15/2018,-975882.0,-2789077.0,-7448324.95,-6817619.0,-4625575.0,-22656477.95
6/1/2018,-5752983.64,-2825355.0,-846301.0,-4858996.15,-2006741.01,-16290376.8
5/11/2018,-4388026.85,-6347701.0,-1293360.0,-1385365.0,-5604385.0,-19018837.85
7/22/2018,-6641458.16,-9053035.0,-2632498.86,-4556166.69,-7088501.0,-29971659.71
10/17/2018,-7989009.0,-2248444.78,-1733392.0,-7590976.23,-9717139.0,-29278961.01
10/2/2018,-669355.0,-4711025.0,-5633914.0,-6493800.19,-3223687.0,-20731781.19
7/3/2018,-815625.0,-6223515.06,-4863792.25,-5063887.0,-9543140.0,-26509959.31
9/6/2018,-7811341.0,-9063366.0,-7851949.02,-7312093.0,-6242779.59,-38281528.61
7/9/2018,-119240.0,-2494289.09,-1429965.0,-9642232.0,-9398117.0,-23083843.09
7/10/2018,-215798.0,-6935516.0,-396611.0,-3249526.0,-3071640.74,-13869091.74
7/20/2018,-5989779.0,-7546396.0,-5008635.0,-7284960.97,-2672812.0,-28502582.97
7/27/2018,-3891798.0,-7443672.0,-9225016.0,-4723313.0,-3655786.0,-28939585.0
2/1/2018,-3917802.41,-1276937.0,-8531491.0,-5924578.0,-1222051.0,-20872859.41
12/12/2018,-4766375.0,-7877426.0,-7331214.0,-5954614.0,-8597216.0,-34526845.0
5/6/2018,-6561936.0,-6394543.81,-2192324.0,-374858.0,-8076710.04,-23600371.85
10/6/2018,-4186652.0,-3266859.0,-8233109.0,-6662527.0,-8385932.0,-30735079.0
7/7/2018,-6681926.0,-9439686.0,-9848273.0,-8326255.54,-5260782.31,-39556922.85
11/19/2018,-3951405.0,-9072753.0,-9473547.0,-5756896.0,-218489.0,-28473090.0
9/7/2018,-8774255.0,-1989453.75,-6099877.72,-7725169.0,-4754440.84,-29343196.31
3/25/2018,-5684057.48,-7709323.0,-6923081.0,-7996931.0,-496575.0,-28809967.48
9/10/2018,-6052489.0,-3429364.56,-6691829.0,-7314763.71,-9193411.0,-32681857.27
1/4/2018,-8967768.0,-304025.0,-1856764.0,-6656178.0,-5347894.0,-23132629.0
1/11/2018,-8834662.0,-6886167.0,-423355.0,-9096592.0,-6696666.24,-31937442.24
8/21/2018,-3466349.0,-9144023.0,-8760279.0,-3488500.3,-2843260.0,-27702411.3
6/10/2018,-4725720.0,-1902148.08,-5723522.8,-6855406.97,-2256339.54,-21463137.39
6/5/2018,-8326058.54,-7890992.0,-7787803.0,-18149.0,-9692876.0,-33715878.54
5/30/2018,-7844420.86,-3423173.0,-2987931.14,-1029263.0,-7760230.0,-23045018.0
9/11/2018,-9507288.0,-4788803.0,-7475715.0,-5074563.38,-7286963.0,-34133332.38
4/26/2018,-2464410.0,-7998845.23,-8767453.0,-3301234.0,-2141620.05,-24673562.28
8/23/2018,-493733.0,-4501345.94,-8630365.0,-9744032.0,-463429.0,-23832904.94
4/18/2018,-4841375.52,-9872002.0,-6534380.0,-3678215.0,-3744111.98,-28670084.5
4/6/2018,-8411721.0,-6526947.0,-8068584.0,-8996856.0,-9827918.0,-41832026.0
8/4/2018,-2024673.0,-3533089.82,-2331373.0,-8659662.0,-7013078.0,-23561875.82
9/16/2018,-2117834.0,-1906990.0,-9369819.0,-9624120.0,-4807293.0,-27826056.0
1/19/2018,-5779064.0,-9124659.0,-7596618.0,-7836408.0,-8810776.0,-39147525.0
2/4/2018,-8129668.0,-7478394.0,-1645288.63,-7377461.0,-8331551.0,-32962362.63
7/27/2018,-7678110.85,-8085437.0,-4889920.0,-7398391.57,-9626947.0,-37678806.42
7/19/2018,-7759480.0,-76407.0,-3712264.0,-3750076.0,-4855051.0,-20153278.0
10/27/2018,-7874311.98,-3299384.83,-3510289.93,-2499046.76,-1725374.0,-18908407.5
9/23/2018,-708933.0,-9818631.0,-7821582.0,-3692197.5,-6078328.09,-28119671.59
3/19/2018,-1373424.0,-3552553.93,-2165282.0,-319434.0,-400394.0,-7811087.93
1/10/2018,-3363184.14,-8029075.0,-4557996.0,-8888434.0,-6339901.0,-31178590.14
7/13/2018,-6252536.61,-1387969.0,-6979435.0,-5190348.17,-285597.0,-20095885.78
9/17/2018,-4206163.0,-4318420.15,-756091.0,-4331205.0,-3898756.92,-17510636.07
2/17/2018,-5690936.0,-512532.0,-7620681.0,-7381890.0,-7569854.0,-28775893.0
4/27/2018,-8895749.0,-9325458.0,-8821157.0,-3069447.0,-8327821.0,-38439632.0
8/21/2018,-7212026.0,-4728330.0,-3253591.95,-2865276.0,-2637882.8,-20697106.75
9/5/2018,-1515837.0,-8054824.0,-1706803.57,-3448393.0,-1599046.0,-16324903.57
7/2/2018,-4887149.57,-4401977.68,-3822890.52,-7552830.45,-4280052.19,-24944900.41
9/29/2018,-4580104.0,-8794507.0,-9067676.0,-6979083.0,-3295775.0,-32717145.0
5/3/2018,-4332375.0,-1202439.0,-2528230.0,-7850790.0,-4320132.84,-20233966.84
7/5/2018,-7970960.0,-3466892.0,-7478077.0,-6770618.0,-3519186.0,-29205733.0
10/29/2018,-1430548.0,-1470499.0,-3531643.0,-6356828.0,-8015403.0,-20804921.0
4/11/2018,-9604651.0,-6559645.0,-292637.0,-9356823.0,-1923908.08,-27737664.08
1/19/2018,-5451594.73,-2112641.0,-3694305.0,-6737599.0,-7036936.0,-25033075.73
12/30/2018,-7053542.0,-4606218.0,-5944346.0,-5009314.0,-34436.0,-22647856.0
7/1/2018,-2394184.04,-8150951.0,-3623176.0,-7667782.74,-6166954.0,-28003047.78
8/27/2018,-9387067.0,-4624234.09,-9387621.0,-2513591.41,-8885831.0,-34798344.5
1/18/2018,-5749088.97,-4948408.33,-8505009.0,-5444586.0,-9582405.0,-34229497.3
2/22/2018,-3998703.12,-691052.0,-5961934.0,-2982179.0,-4502939.52,-18136807.64
7/24/2018,-6763167.0,-2814560.0,-3934359.0,-8483094.0,-6001839.0,-27997019.0
6/8/2018,-5619420.0,-4967101.0,-447045.0,-9385941.0,-6057564.0,-26477071.0
1/25/2018,-5792202.54,-7261383.0,-5090872.48,-1042083.0,-9271860.0,-28458401.02
1/31/2018,-3737004.0,-5279063.0,-5554614.0,-6127881.0,-5769282.0,-26467844.0
11/23/2018,-3476079.72,-5384502.56,-6152984.0,-6089547.0,-9346354.0,-30449467.28
12/6/2018,-7167124.0,-6503876.0,-356813.0,-8303870.0,-8736096.0,-31067779.0
8/25/2018,-2290069.77,-1923593.69,-2645128.62,-2159380.0,-46037.0,-9064209.08
4/26/2018,-2460794.0,-1151485.0,-8283315.0,-9487683.0,-726821.0,-22110098.0
5/19/2018,-6484327.0,-8898785.0,-1155523.0,-5287291.29,-4741056.0,-26566982.29
3/9/2018,-2110617.06,-3374552.0,-8112735.36,-7411810.0,-5412353.0,-26422067.42
3/7/2018,-9218963.0,-3803507.0,-5005697.65,-9704182.0,-59968.0,-27792317.65
8/3/2018,-9354332.0,-3514145.85,-6384672.0,-5602212.0,-5906172.0,-30761533.85
6/26/2018,-748268.0,-2760073.0,-6715978.69,-3039390.97,-4546313.79,-17810024.45
2/2/2018,-3387897.62,-3928409.0,-653370.0,-7249266.0,-6086334.0,-21305276.62
4/1/2018,-3415813.0,-2350317.0,-7684529.0,-6049015.0,-8076908.0,-27576582.0
8/15/2018,-2051191.0,-1601724.0,-4032960.0,-4726318.0,-3374165.96,-15786358.96
9/8/2018,-9421237.0,-458776.0,-5543308.0,-7727599.0,-9384887.0,-32535807.0
9/8/2018,-1534664.0,-2447321.32,-534526.0,-4692192.0,-1544150.0,-10752853.32
6/11/2018,-1322096.0,-7932562.0,-8118107.0,-8845738.0,-1612298.0,-27830801.0
3/4/2018,-3316292.81,-2503005.07,-9526486.0,-1730197.0,-8668153.0,-25744133.88
4/21/2018,-4193150.0,-1293715.0,-4912332.0,-8522414.0,-152653.0,-19074264.0
12/7/2018,-9493979.0,-108530.0,-5765711.0,-8087139.0,-7965296.01,-31420655.01
6/11/2018,-3102369.0,-6592022.0,-36081.0,-9643825.0,-6543396.3,-25917693.3
10/1/2018,-8385622.24,-559187.0,-6781533.0,-1185313.0,-1351432.0,-18263087.24
11/26/2018,-3727295.0,-6761820.0,-1333347.0,-3768649.96,-3810493.0,-19401604.96
7/6/2018,-3574037.75,-2836718.0,-2801984.0,-9908581.0,-4313445.0,-23434765.75
5/5/2018,-30436.0,-6830401.0,-460098.0,-1754754.0,-6441956.0,-15517645.0
3/23/2018,-6686329.94,-4081355.0,-1730676.0,-9892398.0,-1461370.0,-23852128.94
12/15/2018,-143019.0,-3953076.26,-3672720.54,-6383812.0,-7784640.94,-21937268.74
3/8/2018,-1111713.0,-5226640.42,-3090812.65,-6572747.71,-7368259.0,-23370172.78
1/24/2018,-6520714.0,-9617481.0,-8326111.0,-714524.0,-3468691.0,-28647521.0
1/26/2018,-9672524.0,-5709784.72,-4331319.24,-1553183.0,-1901886.0,-23168696.96
2/11/2018,-4082020.41,-1927813.0,-374242.0,-8177205.0,-637670.0,-15198950.41
12/2/2018,-189674.0,-3103788.35,-8979028.0,-4582490.0,-3113410.0,-19968390.35
3/5/2018,-3505981.75,-4227550.4,-8620770.0,-359768.0,-5145974.0,-21860044.15
10/25/2018,-5928598.0,-714496.0,-6712205.05,-8978233.0,-1483753.0,-23817285.05
11/17/2018,-2631009.88,-4789438.0,-6267907.33,-3633992.65,-9130088.0,-26452435.86
11/25/2018,-8426825.0,-6954396.0,-1177072.0,-518800.0,-8267287.85,-25344380.85
10/15/2018,-3881111.0,-1090606.0,-2223906.92,-8054702.0,-5283837.0,-20534162.92
4/13/2018,-3413379.22,-1328868.0,-6367661.0,-6537129.0,-9135657.0,-26782694.22
1/29/2018,-7367058.0,-2076494.0,-6647164.0,-6611882.58,-8641283.0,-31343881.58
10/1/2018,-2050431.24,-6089977.0,-295212.0,-1925334.0,-7725305.42,-18086259.66
11/6/2018,-8523611.0,-2501699.0,-6141756.0,-2968470.0,-9122497.0,-29258033.0
7/25/2018,-6631368.0,-4677107.0,-9768850.0,-5734056.0,-4013597.0,-30824978.0
5/9/2018,-9832213.0,-4233384.57,-8609209.0,-1149373.0,-218718.0,-24042897.57
6/1/2018,-6513095.0,-2540355.57,-1223684.0,-4022977.0,-7061205.0,-21361316.57
3/1/2018,-8206303.0,-4488910.55,-2955157.0,-7870166.0,-2046948.0,-25567484.55
8/17/2018,-894480.0,-7670987.0,-4245667.15,-5626749.37,-6551467.72,-24989351.24
6/24/2018,-9205623.0,-6398984.0,-4770066.13,-2310103.0,-8148757.99,-30833534.12
7/14/2018,-3343565.07,-625619.0,-7222096.67,-5215446.0,-5497372.72,-21904099.46
8/2/2018,-5539171.0,-635163.0,-5536213.53,-2446393.92,-9144360.0,-23301301.45
9/9/2018,-2771156.0,-4548355.0,-728841.0,-6867384.21,-7184961.0,-22100697.21
5/15/2018,-3292766.29,-9916495.0,-2477145.94,-5525974.0,-2288862.0,-23501243.23
4/29/2018,-8001715.0,-1783879.96,-8609224.0,-8813819.0,-1577814.0,-28786451.96
1/29/2018,-5467640.09,-6854916.0,-6254654.0,-5462259.51,-2704361.86,-26743831.46
12/15/2018,-1313325.0,-4879373.31,-3048261.0,-5100296.0,-29129.0,-14370384.31
7/31/2018,-1935413.46,-9110454.0,-5013539.0,-7652648.0,-9425309.0,-33137363.46
7/16/2018,-7663073.0,-5575613.47,-2356712.0,-8526377.0,-5182723.0,-29304498.47
4/21/2018,-2184205.34,-4570648.0,-6768492.0,-4283919.8,-3817810.0,-21625075.14
8/18/2018,-1485181.0,-3114296.74,-7147917.79,-6652317.0,-8714755.0,-27114467.53
9/10/2018,-754273.0,-860401.0,-6819654.0,-2976316.0,-6462539.0,-17873183.0
7/21/2018,-9173173.0,-1236816.0,-9422600.0,-9042164.0,-5905286.22,-34780039.22
1/24/2018,-8258696.0,-5062006.0,-9650506.0,-7308892.0,-1619281.73,-31899381.73
1/8/2018,-3149918.0,-5001928.02,-4081380.26,-9003347.0,-8773336.0,-30009909.28
4/4/2018,-8011748.0,-1697624.0,-1073470.0,-3276223.0,-9418577.0,-23477642.0
12/27/2018,-4383724.99,-6788144.0,-4055881.04,-9005816.0,-6783730.0,-31017296.03
12/11/2018,-4137208.0,-7126330.0,-8119547.0,-7027201.0,-4124268.09,-30534554.09
11/24/2018,-2603276.0,-8834799.0,-5496847.5,-5496872.0,-9034211.0,-31466005.5
8/17/2018,-556178.0,-449843.0,-9545025.0,-5455115.0,-8357848.0,-24364009.0
3/14/2018,-5284378.0,-8320236.0,-3011780.0,-1439472.0,-7087845.0,-25143711.0
4/30/2018,-526850.0,-2629276.0,-2684191.0,-2468966.0,-5537382.0,-13846665.0
10/9/2018,-4512823.0,-6101809.0,-6719519.15,-4782824.0,-7902999.39,-30019974.54
12/2/2018,-7996768.0,-1363660.0,-7986884.0,-9484882.0,-2887800.78,-29719994.78
3/12/2018,-2024871.0,-4765859.97,-4034439.0,-8890567.0,-294949.0,-20010685.97
2/4/2018,-3282426.35,-9460135.0,-3891418.0,-5446538.0,-4121019.95,-26201537.3
9/7/2018,-9017757.0,-858303.0,-1648713.0,-8056124.0,-8981414.0,-28562311.0
2/2/2018,-5732729.62,-1854282.0,-3767134.0,-4833647.0,-96457.0,-16284249.62
3/14/2018,-7872065.93,-7212911.0,-8943038.0,-7796490.46,-4979124.1,-36803629.49
7/7/2018,-3355620.2,-6032395.72,-7524483.92,-9997167.0,-7141339.0,-34051005.84
11/10/2018,-7633310.5,-5043447.0,-4958758.16,-2883008.0,-7007602.0,-27526125.66
1/17/2018,-440724.0,-3582656.0,-5024688.21,-8196142.0,-4163134.0,-21407344.21
2/4/2018,-397078.0,-6555413.0,-1496623.0,-9548904.0,-3215439.0,-21213457.0
6/7/2018,-6157750.0,-3277139.02,-6697694.0,-8752944.0,-1923739.0,-26809266.02
11/8/2018,-6554088.06,-8878090.0,-9325229.0,-6827624.75,-9515793.0,-41100824.81
11/16/2018,-9816848.0,-204668.0,-5326646.49,-6170529.0,-408422.0,-21927113.49
10/29/2018,-247348.0,-6487628.0,-1361737.0,-4374134.35,-5376245.23,-17847092.58
9/30/2018,-4102342.0,-9876353.0,-5172438.0,-3158736.0,-5491712.0,-27801581.0
12/1/2018,-1206691.0,-8756385.0,-80814.0,-3027852.95,-5380231.0,-18451973.95
3/29/2018,-9356664.0,-7749081.0,-6119812.63,-9263126.0,-4786585.0,-37275268.63
9/16/2018,-9870724.0,-7797220.0,-7110855.6,-9147061.0,-8475622.0,-42401482.6
5/7/2018,-3136380.0,-3954625.53,-2810399.0,-5145159.0,-7096078.0,-22142641.53
6/16/2018,-8398240.0,-2744437.0,-4140223.47,-1336209.0,-6214956.0,-22834065.47
6/20/2018,-9815985.0,-1088822.0,-3855813.0,-7443461.0,-7176242.0,-29380323.0
11/27/2018,-1954182.5,-3348102.68,-7473642.0,-6826561.0,-722162.0,-20324650.18
11/6/2018,-2412926.0,-8863396.0,-3100766.16,-8799156.0,-8790034.0,-31966278.16
4/9/2018,-6273186.0,-1133045.0,-5460026.84,-7664690.0,-2095189.0,-22626136.84
1/8/2018,-4206095.31,-2392973.0,-7284995.0,-9530560.0,-4164524.0,-27579147.31
3/9/2018,-1826138.0,-1512004.0,-1574557.0,-5557913.12,-7879614.15,-18350226.27
11/13/2018,-8291338.0,-4126334.6,-469387.0,-3917088.81,-535347.0,-17339495.41
12/13/2018,-5437150.0,-646334.0,-5733730.66,-9446525.0,-8727720.0,-29991459.66
1/16/2018,-2064718.0,-5056548.48,-784337.0,-2510100.0,-4981407.0,-15397110.48
3/17/2018,-2578442.0,-5652205.0,-1893573.16,-8782015.0,-2629713.0,-21535948.16
6/20/2018,-1862138.26,-2567884.48,-4579828.0,-6677231.0,-5621313.0,-21308394.74
11/7/2018,-4907077.93,-9953519.0,-4645019.8,-4576279.0,-3829672.0,-27911567.73
4/4/2018,-9607104.0,-4254334.57,-9829843.0,-8872584.0,-6379886.0,-38943751.57
5/1/2018,-7413188.0,-6402794.47,-5352962.72,-5032679.0,-405289.0,-24606913.19
9/1/2018,-1168871.0,-580665.0,-2507132.0,-2060190.28,-4525659.78,-10842518.06
3/9/2018,-4498436.0,-4530573.22,-4555346.0,-6389560.58,-6557968.62,-26531884.42
10/18/2018,-2565149.0,-8464645.0,-9359092.0,-4274005.0,-2646216.0,-27309107.0
3/15/2018,-7899753.43,-8353896.0,-1016236.0,-7977853.0,-4182441.0,-29430179.43
5/2/2018,-823167.0,-336937.0,-6560219.0,-8979831.0,-613055.0,-17313209.0
8/10/2018,-7494815.0,-4738640.0,-6051158.0,-3284747.36,-9936773.0,-31506133.36
12/22/2018,-9146350.0,-2647567.0,-6851844.95,-2150268.0,-3171000.88,-23967030.83
4/15/2018,-5206826.27,-3478983.0,-1817730.94,-6489257.68,-297647.0,-17290444.89
2/25/2018,-3065920.86,-7787783.22,-3832171.77,-8702117.0,-2874074.0,-26262066.85
12/12/2018,-4602834.0,-3786465.0,-7124357.53,-2920847.0,-1550547.0,-19985050.53
4/21/2018,-7762330.0,-6572539.0,-3110302.44,-6868987.0,-1595279.0,-25909437.44
8/31/2018,-5911037.0,-7425501.0,-1930597.0,-6824142.0,-7853544.0,-29944821.0
6/5/2018,-5587834.73,-4236999.91,-3335427.0,-2180771.0,-6850194.0,-22191226.64
10/22/2018,-7430407.0,-8333156.0,-9841174.0,-6968105.0,-8630227.0,-41203069.0
1/30/2018,-2645904.0,-8369391.0,-5683880.23,-4188027.65,-7996356.0,-28883558.88
2/9/2018,-2724368.0,-6064507.0,-6434867.0,-4484205.97,-7134379.0,-26842326.97
7/4/2018,-5065672.0,-1556943.0,-473157.0,-5199882.17,-8657737.0,-20953391.17
10/6/2018,-7587433.0,-2194025.0,-847230.0,-5202250.0,-5470608.85,-21301546.85
5/19/2018,-1363097.0,-6055142.78,-1183953.0,-4564551.71,-51352.0,-13218096.49
9/29/2018,-8644843.0,-6084639.0,-7138892.0,-4139739.11,-5233874.0,-31241987.11
8/27/2018,-7453765.0,-267222.0,-1642035.0,-1590140.0,-3798044.49,-14751206.49
11/18/2018,-2993089.51,-3983849.0,-5714554.0,-4891086.9,-1960387.17,-19542966.58
11/7/2018,-7771951.0,-4291266.0,-9700867.0,-7372959.0,-3820293.0,-32957336.0
7/20/2018,-2885313.0,-1763307.0,-5376149.0,-8030969.63,-2058879.0,-20114617.63
9/22/2018,-7731000.0,-905492.0,-1802597.86,-5362886.13,-9586174.0,-25388149.99
7/17/2018,-3856908.46,-8464749.0,-1978937.55,-1844361.0,-2200876.47,-18345832.48
7/14/2018,-7910388.0,-9863295.0,-4029042.0,-7850066.0,-2643487.0,-32296278.0
5/14/2018,-5951706.0,-6858296.0,-5814672.85,-3659526.0,-178761.0,-22462961.85
1/6/2018,-2734425.0,-1106956.0,-9651017.0,-2920373.41,-7170392.86,-23583164.27
4/11/2018,-1043714.0,-8743978.0,-3597627.76,-5514745.11,-9145845.0,-28045909.87
10/30/2018,-5423136.53,-2417431.0,-4948042.0,-7076354.0,-3343340.0,-23208303.53
12/15/2018,-2475128.21,-8568651.0,-7353048.0,-4085924.44,-1211813.0,-23694564.65
7/10/2018,-3172540.0,-2224808.0,-6217254.0,-754886.0,-2397745.0,-14767233.0
5/16/2018,-2796260.32,-5083537.06,-7599558.0,-1975788.21,-8356221.0,-25811364.59
4/21/2018,-8665637.0,-8025294.0,-1246220.0,-1907027.0,-230749.0,-20074927.0
1/14/2018,-9148828.0,-677301.0,-7640323.0,-8262005.0,-7991081.99,-33719538.99
6/18/2018,-3918992.3,-9778974.0,-3077198.8,-3465453.0,-7108772.0,-27349390.1
4/1/2018,-8206388.8,-1880446.61,-1148513.0,-7900792.0,-6508142.26,-25644282.67
12/1/2018,-3873216.0,-6181807.0,-4563151.29,-3097695.79,-8135007.0,-25850877.08
6/2/2018,-9798753.0,-7010599.56,-9281196.0,-5403422.37,-9454770.0,-40948740.93
2/20/2018,-2099897.0,-6782194.0,-8958694.0,-4451879.58,-8085133.0,-30377797.58
11/5/2018,-4418318.16,-6108170.0,-9875442.0,-4561429.22,-9115889.0,-34079248.38
5/18/2018,-3567476.17,-9546483.0,-6548791.0,-4485973.33,-8352219.0,-32500942.5
8/8/2018,-446960.0,-2562795.21,-2839761.25,-7338335.51,-9009194.0,-22197045.97
2/3/2018,-8393867.0,-7479523.0,-8827093.0,-7449868.53,-6401681.0,-38552032.53
4/7/2018,-9015727.0,-3639818.16,-6788994.0,-8697541.0,-9175874.0,-37317954.16
5/23/2018,-5940916.0,-3626024.92,-6289787.0,-7133682.0,-552757.0,-23543166.92
6/21/2018,-2153827.0,-1689453.0,-6478268.0,-9097018.0,-7628069.16,-27046635.16
10/2/2018,-86757.0,-7139370.0,-8373774.0,-1094595.0,-5728447.93,-22422943.93
4/23/2018,-3814277.68,-1029692.0,-7895753.0,-6947357.0,-5263179.0,-24950258.68
3/17/2018,-3257067.56,-7908204.64,-9936750.0,-1900628.29,-6668175.0,-29670825.49
4/23/2018,-7132104.0,-6287709.0,-3837137.86,-5001294.88,-3665677.42,-25923923.16
12/20/2018,-2039884.09,-9655401.0,-3436451.0,-7293363.0,-2198346.4,-24623445.49
8/16/2018,-9746878.0,-1717360.54,-7314358.0,-5202380.12,-425062.0,-24406038.66
4/3/2018,-236977.0,-8348672.0,-4467078.0,-1377841.0,-4609729.65,-19040297.65
3/18/2018,-6116187.0,-3051353.0,-1178754.0,-581252.0,-2174462.37,-13102008.37
12/10/2018,-6219296.86,-2198238.47,-7300117.0,-8353409.0,-8821571.0,-32892632.33
4/13/2018,-3982863.0,-3695380.87,-1479489.0,-9587748.0,-2504132.0,-21249612.87
5/25/2018,-4019818.35,-6281096.0,-5677540.51,-9638965.0,-2086136.0,-27703555.86
3/14/2018,-8962593.0,-895887.0,-1753818.53,-391827.0,-2208109.19,-14212234.72
8/17/2018,-2844673.56,-9405290.0,-3404899.0,-8721228.0,-5669104.0,-30045194.56
12/1/2018,-4707237.0,-8460493.0,-6434433.57,-7320630.0,-7589072.0,-34511865.57
3/20/2018,-5900664.0,-9072879.0,-1046211.0,-1021812.0,-1956143.0,-18997709.0
9/2/2018,-3575172.01,-149739.0,-800827.0,-5129845.18,-9533714.0,-19189297.19
12/10/2018,-4830177.5,-7686999.0,-1420724.0,-6599444.0,-6521578.0,-27058922.5
9/28/2018,-3636652.0,-7001242.93,-6715551.0,-7299080.0,-9154323.0,-33806848.93
3/11/2018,-2115394.62,-8863007.0,-2212449.63,-4311308.04,-9991756.0,-27493915.29
6/23/2018,-2866439.0,-6238675.0,-9685857.0,-7769781.0,-977248.0,-27538000.0
8/1/2018,-7030731.0,-5716418.0,-6897291.0,-5534155.24,-5357961.48,-30536556.72
12/30/2018,-1427126.0,-3989069.0,-6116375.0,-1559869.0,-9956448.0,-23048887.0
8/6/2018,-7539452.0,-3611066.52,-3170359.06,-3494037.0,-962102.0,-18777016.58
7/17/2018,-8308620.0,-5899046.0,-9518383.0,-393916.0,-7867110.0,-31987075.0
12/10/2018,-5411028.0,-486673.0,-3562495.54,-9049646.0,-8408102.0,-26917944.54
12/21/2018,-3616413.26,-8389775.0,-7623044.0,-2228597.9,-4566473.18,-26424303.34
9/18/2018,-541742.0,-6467075.0,-568920.0,-440605.0,-7215978.0,-15234320.0
4/16/2018,-3353870.0,-5278635.99,-5387057.78,-6968716.0,-7556813.0,-28545092.77
7/24/2018,-649366.0,-7274706.53,-8679648.0,-3538048.87,-4850983.0,-24992752.4
6/4/2018,-9520425.0,-538098.0,-8200580.0,-2872604.0,-9901651.0,-31033358.0
9/2/2018,-6503397.0,-5085509.0,-8743737.0,-9842567.0,-368446.0,-30543656.0
9/7/2018,-7762852.0,-5842042.0,-1879676.46,-3591459.37,-2420755.0,-21496784.83
10/26/2018,-6430869.0,-8762085.0,-9657.0,-3861178.0,-1588470.0,-20652259.0
11/7/2018,-2156042.63,-6073283.59,-8307280.0,-2733598.79,-6659351.44,-25929556.45
1/6/2018,-5818092.0,-4196986.14,-6500231.0,-6073565.0,-5077395.58,-27666269.72
5/22/2018,-5973688.0,-3841592.97,-9823723.0,-510538.0,-9135540.0,-29285081.97
11/10/2018,-2661919.0,-2666292.55,-1717092.0,-1660435.7,-4633867.13,-13339606.38
7/11/2018,-2849036.14,-1385552.0,-251860.0,-1744039.08,-3792705.92,-10023193.14
4/17/2018,-7641003.0,-3450587.0,-171676.0,-7156496.0,-1290684.0,-19710446.0
7/25/2018,-1933555.51,-7100526.0,-4834901.0,-4326776.97,-7498758.48,-25694517.96
5/19/2018,-993987.0,-8808745.0,-9875407.0,-907204.0,-226273.0,-20811616.0
1/14/2018,-5007495.0,-7200795.0,-503579.0,-3783062.0,-2933210.0,-19428141.0
9/14/2018,-4154186.0,-2124699.0,-572572.0,-2208400.0,-5451292.07,-14511149.07
9/24/2018,-1123327.0,-9558160.0,-1393134.0,-4609902.0,-4343951.0,-21028474.0
6/1/2018,-7172356.0,-7940453.12,-3833855.0,-9313253.0,-9881016.0,-38140933.12
11/22/2018,-523714.0,-5434356.0,-1893296.0,-2099502.43,-2185494.29,-12136362.72
9/9/2018,-1039294.0,-3761684.0,-3003945.99,-4121606.51,-3784603.09,-15711133.59
12/18/2018,-3065475.0,-553825.0,-1974983.0,-542196.0,-7940638.0,-14077117.0
8/23/2018,-1382796.0,-5429734.0,-934919.0,-1266241.0,-984877.0,-9998567.0
11/8/2018,-2006473.97,-5009753.0,-7485153.0,-675856.0,-9553852.0,-24731087.97
5/9/2018,-7891456.14,-1382556.0,-5168030.0,-9674528.0,-4416595.19,-28533165.33
5/26/2018,-1831268.21,-6466361.0,-2027578.03,-9177169.0,-6732917.0,-26235293.24
1/13/2018,-7026702.0,-3951869.0,-4485127.0,-4942907.0,-8885727.0,-29292332.0
4/7/2018,-1876940.0,-8259705.7,-325846.0,-8438490.0,-7519582.0,-26420563.7
9/11/2018,-556927.0,-9149014.0,-8471979.0,-8870994.0,-3588653.8,-30637567.8
1/22/2018,-5365432.75,-2737944.0,-5463400.31,-4396336.34,-5336533.1,-23299646.5
8/13/2018,-4966696.0,-7210081.0,-4692373.46,-3168972.72,-2172568.0,-22210691.18
9/24/2018,-345715.0,-6415291.0,-4001437.7,-2762196.0,-4021277.0,-17545916.7
8/15/2018,-630411.0,-4507777.0,-9317777.0,-4515034.62,-5614942.0,-24585941.62
3/13/2018,-2654247.19,-8041877.78,-4711730.31,-9150885.0,-8839338.0,-33398078.28
5/20/2018,-3063448.02,-5225468.65,-2844698.44,-1143039.0,-3903678.13,-16180332.24
9/2/2018,-6278494.9,-6485210.86,-3300471.0,-1141270.0,-3482007.0,-20687453.76
5/8/2018,-4327860.35,-1267034.0,-5997769.26,-9437387.0,-562531.0,-21592581.61
9/22/2018,-7375305.0,-2673151.25,-3025112.0,-9848674.0,-2100054.0,-25022296.25
6/4/2018,-31475.0,-1506643.0,-2351429.7,-7852938.0,-4486174.66,-16228660.36
12/18/2018,-3484168.0,-9662845.0,-1112241.0,-5699883.0,-9782275.0,-29741412.0
5/4/2018,-3531946.41,-2170203.0,-1738623.83,-823791.0,-2499851.53,-10764415.77
1/18/2018,-8070471.6,-3054766.0,-3525916.1,-4596442.0,-8019643.0,-27267238.7
5/19/2018,-6409875.0,-9982146.0,-937880.0,-6833152.0,-4512927.83,-28675980.83
12/14/2018,-3737614.0,-516574.0,-2548979.0,-6458216.0,-9278924.0,-22540307.0
8/26/2018,-7182976.52,-7261767.0,-7004262.0,-3083340.0,-1586219.0,-26118564.52
11/9/2018,-393650.0,-1437906.0,-4558194.3,-2267023.99,-9446159.0,-18102933.29
5/1/2018,-3234694.0,-5362397.73,-7367816.0,-6994144.0,-6773360.24,-29732411.97
1/8/2018,-6834019.24,-7872030.0,-4735399.47,-7237441.0,-2422563.84,-29101453.55
8/11/2018,-8868326.0,-2071688.84,-5089683.85,-8492042.0,-2437056.91,-26958797.6
12/20/2018,-2459642.04,-8986872.0,-7133031.1,-8438745.0,-2244683.28,-29262973.42
7/24/2018,-2436607.0,-4994028.18,-5649132.54,-2567146.46,-3248381.0,-18895295.18
2/12/2018,-7449447.0,-7428561.0,-6251319.0,-8200274.0,-2720587.0,-32050188.0
8/12/2018,-8689040.0,-1354779.0,-9534877.0,-3272319.71,-7376830.0,-30227845.71
7/29/2018,-8907882.0,-7705699.0,-1526160.0,-4767596.0,-4601204.19,-27508541.19
9/14/2018,-3071368.63,-8392415.0,-6553806.0,-3094140.78,-3346032.65,-24457763.06
7/29/2018,-9342407.0,-4423508.0,-2258195.37,-5059783.0,-532925.0,-21616818.37
5/19/2018,-41326.0,-784099.0,-8119957.0,-9615425.0,-4091384.0,-22652191.0
1/3/2018,-6021333.0,-7029883.0,-7050935.0,-893164.0,-8206771.06,-29202086.06
7/24/2018,-5808820.0,-4868254.0,-8567565.0,-4474831.65,-4285.0,-23723755.65
11/25/2018,-1974910.45,-3577448.95,-6653290.0,-3521422.0,-4574003.0,-20301074.4
10/4/2018,-6452136.0,-5321066.0,-4101591.3,-4505818.0,-3066678.0,-23447289.3
4/5/2018,-3697381.82,-7081363.0,-6215968.0,-4268823.0,-8115880.38,-29379416.2
9/25/2018,-887664.0,-1833814.0,-8889579.0,-8871702.0,-4606091.0,-25088850.0
1/5/2018,-830364.0,-5244014.9,-2857965.0,-6478058.0,-8981085.0,-24391486.9
7/9/2018,-659621.0,-7562617.0,-5305573.0,-6632423.0,-1302025.0,-21462259.0
9/23/2018,-7688634.0,-4830401.0,-888555.0,-4154886.7,-538743.0,-18101219.7
6/10/2018,-1873828.0,-5387043.62,-1946142.0,-6520952.21,-1322345.0,-17050310.83
8/19/2018,-6944351.31,-2047055.0,-2047957.29,-8752211.0,-2129230.0,-21920804.6
2/27/2018,-3220844.68,-8180879.66,-3393718.0,-513375.0,-5482589.37,-20791406.71
5/17/2018,-4848287.53,-3208939.71,-6190082.0,-8363639.0,-340196.0,-22951144.24
3/7/2018,-7010793.0,-3781085.0,-615296.0,-4394858.0,-5905957.0,-21707989.0
5/2/2018,-380658.0,-4593890.47,-9044754.0,-7396317.0,-9174025.0,-30589644.47
3/2/2018,-6648357.0,-3050184.0,-2978185.88,-3657705.0,-8199579.82,-24534011.7
9/26/2018,-1480288.0,-9500002.0,-5003627.76,-386511.0,-7404985.74,-23775414.5
1/1/2018,-8651608.0,-6262381.0,-2678459.0,-2976139.0,-26912.0,-20595499.0
9/1/2018,-1336647.0,-7544826.73,-2410014.0,-6037752.0,-5038838.0,-22368077.73
7/8/2018,-4924284.93,-9918308.0,-4222820.58,-9288884.0,-1668245.85,-30022543.36
5/5/2018,-4647550.84,-13226.0,-5522830.0,-1915646.73,-6382610.0,-18481863.57
7/1/2018,-7716273.0,-6053941.0,-6176548.0,-5349588.0,-355596.0,-25651946.0
2/21/2018,-3776515.14,-1280485.0,-7512134.0,-4598608.0,-9809380.0,-26977122.14
2/13/2018,-6188686.0,-1433203.0,-7219304.0,-498106.0,-393364.0,-15732663.0
7/28/2018,-1539525.0,-7202738.0,-5792475.58,-4773135.0,-2108394.0,-21416267.58
9/5/2018,-544893.0,-9852825.0,-4399631.0,-6683065.0,-3499780.0,-24980194.0
2/4/2018,-6884645.0,-4018933.29,-1790466.92,-3159577.0,-3888466.51,-19742088.72
3/15/2018,-3553628.0,-4465952.0,-1472426.0,-6443691.0,-2448660.0,-18384357.0
11/16/2018,-476451.0,-6025406.0,-5794352.0,-9314840.0,-9753725.0,-31364774.0
7/18/2018,-9174425.0,-6557466.0,-9409305.0,-8551389.0,-6608942.0,-40301527.0
3/6/2018,-68030.0,-4987824.75,-2822381.46,-1517471.0,-8757682.0,-18153389.21
1/14/2018,-1822792.0,-7935839.0,-6163642.0,-5770217.87,-4218777.0,-25911267.87
4/10/2018,-1330328.0,-6362759.0,-7178695.0,-5480359.8,-7370260.0,-27722401.8
9/19/2018,-8398441.0,-6974285.0,-7701406.0,-4378227.0,-8568322.0,-36020681.0
6/3/2018,-3771279.0,-8548858.0,-4525021.78,-7633992.0,-4535802.0,-29014952.78
3/25/2018,-463865.0,-5222405.83,-2995800.0,-874652.0,-7549503.5,-17106226.33
9/25/2018,-7014530.0,-3958484.0,-5764273.0,-2299906.04,-2811919.77,-21849112.81
6/16/2018,-353423.0,-6975496.2,-551421.0,-5777099.51,-3264058.0,-16921497.71
8/13/2018,-5234238.0,-6786640.0,-5335049.0,-3432518.0,-4020170.0,-24808615.0
3/12/2018,-5948168.0,-7827020.0,-6417298.0,-1077852.0,-7127652.0,-28397990.0
6/7/2018,-9980092.0,-5258983.27,-3672402.53,-9776484.0,-5588285.0,-34276246.8
6/26/2018,-7205752.0,-2648862.0,-7921708.22,-2545595.13,-7906279.0,-28228196.35
8/15/2018,-756797.0,-1253559.0,-9135402.0,-5870422.56,-9963387.0,-26979567.56
11/22/2018,-9658391.0,-1757313.0,-7898252.0,-3678633.44,-8338064.0,-31330653.44
8/23/2018,-5679495.57,-586737.0,-4222636.85,-9926590.0,-3022566.67,-23438026.09
3/28/2018,-2031213.0,-6828017.0,-7677426.0,-8975358.0,-8542251.0,-34054265.0
5/4/2018,-2313987.0,-6643471.12,-5454422.0,-9698732.0,-7641614.37,-31752226.49
2/22/2018,-6014560.0,-1134101.0,-5842652.97,-2503002.71,-5969704.59,-21464021.27
6/2/2018,-9194273.0,-2021166.75,-5266315.0,-3337791.76,-7637625.0,-27457171.51
5/3/2018,-7213263.0,-1828115.0,-3944599.0,-1551143.0,-1518911.0,-16056031.0
5/16/2018,-1316841.0,-8180533.0,-2937971.0,-4345098.31,-1719070.54,-18499513.85
9/16/2018,-8699120.0,-9713143.0,-6716365.0,-2460815.37,-7625913.0,-35215356.37
4/9/2018,-5112707.0,-2574128.0,-2691297.92,-9731473.0,-5619877.32,-25729483.24
9/13/2018,-3436165.0,-5044075.02,-3437583.0,-8587475.0,-4792132.41,-25297430.43
7/23/2018,-3595547.0,-6605138.0,-9721750.0,-5432398.52,-596359.0,-25951192.52
2/28/2018,-6535042.0,-1662407.99,-5655336.48,-6025146.0,-6110279.0,-25988211.47
8/25/2018,-8026930.0,-9147110.0,-8833539.0,-7831846.0,-6983550.0,-40822975.0
5/11/2018,-5561815.0,-2898770.41,-5368254.36,-1369370.0,-1291717.0,-16489926.77
1/27/2018,-7645914.0,-2378021.0,-7738123.0,-7673811.0,-2863845.79,-28299714.79
1/31/2018,-3178667.87,-4272715.79,-187217.0,-6299035.0,-2583203.37,-16520839.03
4/24/2018,-6994035.1,-1725072.0,-3699253.0,-2127341.05,-2240943.03,-16786644.18
3/28/2018,-3054539.0,-6274396.0,-689843.0,-1810747.0,-5002554.0,-16832079.0
7/22/2018,-9630091.0,-6729875.49,-1418851.0,-3644391.0,-172648.0,-21595856.49
7/25/2018,-3578196.0,-7411856.0,-7011458.17,-4855291.0,-3380526.2,-26237327.37
12/17/2018,-5617450.0,-9326926.0,-6841848.0,-4142389.0,-192179.0,-26120792.0
7/19/2018,-3402964.12,-9952362.0,-1465840.0,-4876409.0,-3780700.64,-23478275.76
12/9/2018,-9178395.0,-38964.0,-1916439.0,-2176222.07,-4381413.0,-17691433.07
11/17/2018,-2113013.0,-430472.0,-7120492.0,-2619513.0,-3610391.0,-15893881.0
5/10/2018,-6053127.35,-2518984.29,-2347851.99,-1254431.0,-7787404.0,-19961798.63
2/12/2018,-8327228.0,-8457617.0,-5419037.92,-8846226.0,-350343.0,-31400451.92
3/25/2018,-1322018.0,-3453679.59,-6719704.49,-5087110.63,-7165427.0,-23747939.71
4/25/2018,-2409492.43,-9052202.0,-4825812.0,-8154591.0,-296299.0,-24738396.43
4/15/2018,-6274118.15,-3388415.38,-7342272.0,-8488129.0,-8922306.0,-34415240.53
10/15/2018,-3576063.85,-4955602.8,-4256557.17,-3425863.32,-9615085.0,-25829172.14
12/29/2018,-7755095.02,-9628372.0,-8157394.0,-6440935.0,-7322889.0,-39304685.02
8/29/2018,-736557.0,-9675649.0,-7524504.0,-4485775.22,-4136103.0,-26558588.22
6/7/2018,-3671707.0,-1377583.0,-7869192.0,-8945333.0,-502357.0,-22366172.0
9/13/2018,-4192317.0,-1604466.0,-9610121.0,-4799550.91,-4731551.0,-24938005.91
5/26/2018,-418635.0,-3338360.12,-7360816.0,-3659440.0,-9306888.0,-24084139.12
10/8/2018,-253279.0,-6467679.18,-5536790.0,-7643552.0,-6761337.0,-26662637.18
2/11/2018,-9862993.0,-2554975.05,-8154589.0,-6202851.0,-6910492.0,-33685900.05
10/16/2018,-4629232.0,-6824260.0,-258134.0,-7080630.0,-9747393.0,-28539649.0
11/20/2018,-2405006.0,-2424640.57,-5233097.41,-3702208.0,-1024492.0,-14789443.98
2/12/2018,-7273082.81,-5298844.26,-2689975.84,-4112426.89,-7676050.96,-27050380.76
6/26/2018,-5597451.0,-7671673.0,-9422023.0,-8182012.0,-7443774.0,-38316933.0
12/19/2018,-2885749.38,-8492510.0,-8294113.0,-3746491.0,-774232.0,-24193095.38
6/29/2018,-6695588.0,-5773840.0,-2283646.0,-9582438.0,-1579321.0,-25914833.0
11/22/2018,-9387440.0,-1666839.3,-7495669.61,-2413515.0,-6401288.0,-27364751.91
1/29/2018,-2748456.65,-58155.0,-4003577.29,-4970457.17,-9166144.0,-20946790.11
11/1/2018,-4246637.0,-300986.0,-4555302.19,-6180609.13,-5412266.0,-20695800.32
7/13/2018,-3893863.56,-6046674.0,-1467461.0,-6110842.0,-2257777.0,-19776617.56
12/19/2018,-250189.0,-6510434.41,-9938491.0,-9906190.0,-7930910.0,-34536214.41
11/22/2018,-844596.0,-2405814.0,-4793048.18,-2367673.0,-4656821.36,-15067952.54
3/19/2018,-1274928.0,-1785262.74,-2430238.11,-9548896.0,-6740026.0,-21779350.85
1/10/2018,-9110937.0,-3389235.0,-4600850.0,-6786169.0,-4937484.23,-28824675.23
1/16/2018,-6823923.0,-2469947.0,-4339254.75,-9590390.0,-788285.0,-24011799.75
8/12/2018,-8510866.0,-4032960.6,-3590878.0,-4674912.0,-4761088.5,-25570705.1
3/11/2018,-1696469.83,-8238331.0,-3356196.0,-7541894.0,-3325022.0,-24157912.83
11/14/2018,-5489256.0,-834504.0,-1835741.0,-7634639.79,-976062.0,-16770202.79
9/6/2018,-4049263.6,-8416640.0,-9117633.0,-9996562.0,-4445536.0,-36025634.6
6/1/2018,-9558893.0,-349424.0,-2886857.0,-2123271.96,-3481482.0,-18399927.96
11/21/2018,-7004116.0,-9256709.0,-5017256.0,-4418705.68,-7888260.0,-33585046.68
11/30/2018,-7539055.0,-6959716.0,-6321897.0,-7224765.0,-5578671.0,-33624104.0
11/8/2018,-730234.0,-5143221.0,-2043623.0,-8249366.2,-5436193.33,-21602637.53
4/29/2018,-4026716.34,-4394004.56,-2756472.0,-5029066.0,-8619933.0,-24826191.9
5/7/2018,-6922865.0,-2668775.7,-6405043.0,-1428106.0,-4742855.0,-22167644.7
3/4/2018,-5367522.0,-526227.0,-7730569.21,-220826.0,-9526545.0,-23371689.21
1/15/2018,-7839442.0,-3186020.49,-6140269.0,-2312081.96,-5249520.0,-24727333.45
8/2/2018,-977297.0,-6702208.96,-7594663.0,-4475455.51,-7037967.0,-26787591.47
4/27/2018,-4712039.0,-7089993.0,-2056647.62,-9617644.0,-412872.0,-23889195.62
10/2/2018,-6270646.4,-2133813.0,-2781171.0,-2008079.05,-2005066.0,-15198775.45
10/16/2018,-9860501.0,-4082721.0,-4704599.0,-456909.0,-6799584.0,-25904314.0
12/19/2018,-801894.0,-4099740.0,-6650483.0,-8830977.0,-6258139.0,-26641233.0
8/17/2018,-1792238.59,-3013394.31,-7889137.0,-857656.0,-1762789.0,-15315214.9
10/30/2018,-1967944.56,-2206954.0,-7825825.0,-825077.0,-913621.0,-13739421.56
12/3/2018,-4974798.26,-6411285.0,-1087172.0,-7669167.17,-3461389.0,-23603811.43
9/14/2018,-4069925.0,-9688660.0,-3677641.9,-8188301.0,-6314866.0,-31939393.9
1/1/2018,-3647608.0,-5348855.0,-6692610.0,-4127481.32,-6805709.0,-26622263.32
1/31/2018,-4404680.36,-1093156.0,-2889263.0,-8645711.0,-2936908.0,-19969718.36
4/21/2018,-6960236.0,-84232.0,-4047708.0,-9779189.0,-9483065.0,-30354430.0
8/16/2018,-2316009.73,-5302084.64,-5839989.0,-6253628.0,-7947598.0,-27659309.37
7/18/2018,-3202842.76,-5116675.06,-3608358.63,-7552244.0,-6440175.0,-25920295.45
7/25/2018,-2138367.37,-9750082.0,-4914673.0,-9264026.0,-6766217.0,-32833365.37
4/23/2018,-8290780.0,-8605757.0,-9629406.0,-4779199.36,-9073940.0,-40379082.36
10/17/2018,-3885347.47,-5940303.19,-4970156.0,-8545238.0,-4576229.0,-27917273.66
9/21/2018,-4968905.79,-337389.0,-6219428.0,-7531655.0,-5367731.0,-24425108.79
7/21/2018,-6683065.0,-9237393.0,-9987698.0,-277227.0,-7586919.0,-33772302.0
11/2/2018,-1061224.0,-8160197.0,-6135121.0,-2503433.0,-38715.0,-17898690.0
2/9/2018,-2905592.14,-6238209.0,-6231028.0,-4753339.0,-779771.0,-20907939.14
9/28/2018,-3745963.0,-3344153.0,-1597217.0,-6984544.0,-9962657.0,-25634534.0
3/6/2018,-9775908.0,-5796078.77,-4115897.34,-3193037.0,-1048313.0,-23929234.11
10/1/2018,-3096891.0,-2090091.0,-2555052.0,-4470031.0,-5264631.54,-17476696.54
12/11/2018,-9753841.0,-7359438.0,-7314430.0,-972718.0,-2236895.0,-27637322.0
7/20/2018,-6216585.0,-1828232.96,-8561470.0,-747039.0,-3263942.0,-20617268.96
7/9/2018,-8678600.0,-2346201.0,-2781635.0,-380059.0,-2377740.0,-16564235.0
11/24/2018,-794022.0,-327249.0,-6102653.52,-9153936.0,-8202166.0,-24580026.52
6/28/2018,-3173483.65,-5191754.0,-8701002.0,-6315844.0,-5485815.0,-28867898.65
1/22/2018,-37601.0,-4535588.0,-275978.0,-7121216.0,-3354257.0,-15324640.0
9/25/2018,-2516526.14,-7874.0,-3208729.58,-3309189.0,-3328319.41,-12370638.13
2/20/2018,-6674110.0,-4466095.0,-2409995.0,-1227199.0,-148617.0,-14926016.0
9/20/2018,-1828370.63,-7821220.0,-6063900.0,-5534072.0,-8244703.68,-29492266.31
11/16/2018,-5815169.0,-156281.0,-2452030.56,-55215.0,-493649.0,-8972344.56
10/25/2018,-7439989.0,-7552574.0,-6652395.0,-9665805.0,-7087511.65,-38398274.65
4/22/2018,-2847431.83,-5718857.9,-3701665.87,-5231506.94,-8717517.0,-26216979.54
9/19/2018,-9205806.0,-9234093.0,-2224566.64,-5428376.0,-6276422.49,-32369264.13
12/21/2018,-7992615.79,-9814913.0,-2497231.0,-6871150.09,-5468834.04,-32644743.92
1/13/2018,-9533051.0,-6598856.0,-7808938.0,-2228221.23,-5402037.06,-31571103.29
2/18/2018,-5813070.0,-7164586.0,-7809227.21,-7175718.0,-7829209.18,-35791810.39
7/2/2018,-9797070.0,-2399249.4,-9133724.0,-9105886.0,-781100.0,-31217029.4
4/10/2018,-9343149.0,-3556278.5,-2869915.52,-2378774.0,-8101485.0,-26249602.02
10/4/2018,-4279433.67,-1917814.13,-5583989.91,-7931921.05,-87034.0,-19800192.76
4/30/2018,-9795431.0,-14906.0,-9539544.0,-8327171.0,-8547865.0,-36224917.0
1/29/2018,-9531592.0,-3452792.43,-8622404.0,-1944442.82,-5811276.0,-29362507.25
2/23/2018,-120453.0,-418643.0,-7261702.0,-2559153.8,-5429994.06,-15789945.86
3/1/2018,-5694673.05,-9113359.0,-1114861.0,-3907455.0,-7884325.61,-27714673.66
12/28/2018,-4907808.2,-4044985.0,-8200984.0,-9503272.0,-6106928.0,-32763977.2
7/4/2018,-7576428.0,-2971949.84,-2119091.0,-8105825.77,-2528670.82,-23301965.43
7/19/2018,-6775746.0,-2735951.0,-4541795.0,-8073118.0,-1112859.0,-23239469.0
6/10/2018,-610941.0,-6016716.0,-5923011.0,-9349166.0,-8519674.0,-30419508.0
2/6/2018,-8883318.0,-3850465.32,-1077134.0,-4313517.59,-9806098.0,-27930532.91
2/27/2018,-9171622.0,-4300977.36,-4161059.0,-354183.0,-4099783.0,-22087624.36
10/18/2018,-3779799.03,-6637986.0,-383914.0,-6643817.0,-3479029.32,-20924545.35
1/9/2018,-3402767.43,-2796953.87,-6731369.0,-9211484.0,-929528.0,-23072102.3
6/9/2018,-5777421.12,-9215246.0,-6166764.0,-8953644.0,-6415035.0,-36528110.12
6/29/2018,-9761628.0,-3023967.81,-3906445.0,-7006247.0,-148475.0,-23846762.81
3/8/2018,-7272060.0,-3534672.79,-4894867.0,-7372600.0,-4682031.0,-27756230.79
5/8/2018,-2873976.09,-4710933.63,-5963510.0,-6687041.0,-3368395.0,-23603855.72
4/23/2018,-8712107.0,-5065678.0,-6915572.85,-3827925.76,-5169585.0,-29690868.61
10/14/2018,-1421675.0,-8221416.0,-7874665.1,-4964504.0,-4573610.0,-27055870.1
5/7/2018,-8398619.0,-7263778.0,-6718090.0,-2742014.0,-4179101.0,-29301602.0
11/15/2018,-7213811.0,-5833398.0,-7237074.23,-834972.0,-5339114.0,-26458369.23
9/2/2018,-6506055.0,-6270735.0,-7938590.37,-663701.0,-9368360.0,-30747441.37
5/9/2018,-7398650.0,-8911186.0,-3691089.79,-2255498.0,-6768548.0,-29024971.79
10/19/2018,-7733818.0,-9688532.0,-459397.0,-8145359.0,-6562845.0,-32589951.0
5/13/2018,-3662336.32,-1475001.0,-6260852.74,-9996215.0,-2929831.0,-24324236.06
4/28/2018,-4322879.0,-3787065.0,-7125412.77,-9927951.0,-7266353.33,-32429661.1
4/20/2018,-206374.0,-5638984.03,-6249460.0,-2549149.75,-3523818.0,-18167785.78
2/2/2018,-7708116.95,-329690.0,-4005157.0,-6181675.0,-4612990.45,-22837629.4
7/27/2018,-5235155.0,-538554.0,-6348833.2,-8004002.0,-2126992.9,-22253537.1
8/12/2018,-4575849.88,-5245145.56,-9042955.0,-6164141.0,-1397796.0,-26425887.44
5/16/2018,-1287394.0,-3580040.42,-8239071.0,-8264372.33,-4789753.69,-26160631.44
10/5/2018,-3856650.0,-220530.0,-6423207.25,-252003.0,-4597769.03,-15350159.28
3/24/2018,-5671386.0,-5275235.32,-9821677.0,-2450585.36,-3667117.0,-26886000.68
5/17/2018,-3534328.76,-6917851.62,-806514.0,-6846846.0,-6689794.0,-24795334.38
6/6/2018,-6631766.29,-6503580.0,-5788575.36,-1138079.0,-4942500.0,-25004500.65
5/17/2018,-7898614.0,-3490720.0,-7909681.0,-1864655.01,-6509175.0,-27672845.01
3/28/2018,-3371262.36,-5428028.46,-273141.0,-6487453.0,-5400366.73,-20960251.55
4/5/2018,-5191249.0,-9622766.0,-4391394.0,-6942852.12,-6669484.0,-32817745.12
5/8/2018,-5402474.0,-1135045.0,-8894805.0,-8762268.0,-2091280.05,-26285872.05
11/20/2018,-4180148.9,-633746.0,-6429974.0,-6078151.0,-1706169.93,-19028189.83
1/2/2018,-6022383.0,-329000.0,-8539423.0,-1544494.0,-2178134.47,-18613434.47
3/11/2018,-9938120.0,-8357307.99,-8580556.0,-9454569.0,-9018835.0,-45349387.99
4/27/2018,-2627783.96,-9835367.0,-2975992.29,-8930925.0,-896233.0,-25266301.25
1/6/2018,-4860578.0,-8895281.0,-833025.0,-2214485.0,-5239250.0,-22042619.0
4/16/2018,-6887090.61,-265870.0,-6203432.26,-8436832.0,-2987644.0,-24780868.87
12/1/2018,-9300685.0,-1689567.0,-1857995.0,-7469291.14,-8185143.0,-28502681.14
8/21/2018,-266245.0,-9214427.0,-9119371.0,-4015019.89,-8247179.37,-30862242.26
8/16/2018,-4952004.08,-22567.0,-250915.0,-5436626.75,-679319.0,-11341431.83
7/27/2018,-3005997.49,-297775.0,-3435350.0,-8279053.55,-7665544.79,-22683720.83
8/30/2018,-1363695.0,-237311.0,-5126057.0,-6109699.0,-8826678.0,-21663440.0
8/8/2018,-1209187.0,-184950.0,-5574457.0,-9884968.0,-2363598.0,-19217160.0
8/4/2018,-8140281.0,-1857998.07,-8152248.26,-1226857.0,-7984795.0,-27362179.33
7/30/2018,-3427366.66,-1889478.0,-4420380.0,-721250.0,-2739983.04,-13198457.7
9/4/2018,-8994999.0,-2882617.97,-1289582.0,-2779580.1,-4109559.0,-20056338.07
5/25/2018,-3947850.0,-9075647.0,-4902388.0,-3406422.48,-9843110.0,-31175417.48
6/26/2018,-9950113.0,-7232897.0,-429747.0,-2445538.0,-4925587.0,-24983882.0
3/2/2018,-1016318.0,-2404686.0,-7672041.39,-7528457.0,-6091074.0,-24712576.39
9/6/2018,-5836347.0,-3804330.0,-3537903.93,-3580762.15,-7191272.0,-23950615.08
3/1/2018,-6811115.0,-3304157.0,-9275005.0,-508611.0,-4439630.29,-24338518.29
7/4/2018,-3251818.04,-6710054.0,-9848717.0,-1925874.49,-6522830.0,-28259293.53
7/9/2018,-4534585.0,-7223373.0,-5280947.0,-3038878.26,-2856535.54,-22934318.8
1/14/2018,-5568140.0,-382861.0,-2880534.67,-3429837.39,-6563151.0,-18824524.06
5/22/2018,-3875806.0,-5787989.58,-5245870.0,-2784847.0,-3719983.17,-21414495.75
7/24/2018,-738851.0,-1864630.0,-8537885.0,-9943185.0,-2493686.53,-23578237.53
8/14/2018,-5414347.81,-2495094.79,-852793.0,-3242376.0,-9280824.0,-21285435.6
7/8/2018,-9084487.0,-671849.0,-1431259.0,-8148061.0,-9382488.0,-28718144.0
6/15/2018,-9686270.0,-1050044.0,-8165913.0,-8153925.0,-5160646.0,-32216798.0
8/10/2018,-6951376.62,-4447965.0,-5820478.0,-1498458.0,-5156893.69,-23875171.31
7/24/2018,-7330824.13,-8076408.15,-8070136.0,-2376956.0,-6679344.0,-32533668.28
11/13/2018,-5090871.48,-5151210.76,-3932612.0,-855519.0,-3884792.81,-18915006.05
5/4/2018,-3937979.34,-3166669.0,-5407863.98,-6328551.0,-2241104.0,-21082167.32
4/7/2018,-1302138.0,-4382054.0,-3364000.0,-7499303.28,-3387730.0,-19935225.28
4/4/2018,-6847467.0,-8719970.0,-3440486.0,-3914600.0,-7423247.0,-30345770.0
6/23/2018,-9125882.0,-1540354.0,-2342189.0,-4079718.0,-448984.0,-17537127.0
10/14/2018,-8730606.0,-237626.0,-58375.0,-9703414.0,-2219988.0,-20950009.0
6/10/2018,-6474554.0,-9739693.0,-867874.0,-475070.0,-7468984.0,-25026175.0
4/30/2018,-1980211.0,-6125181.0,-3158459.79,-4325820.59,-7931326.0,-23520998.38
2/27/2018,-8804078.0,-7612926.0,-7551991.2,-1774024.46,-7039298.0,-32782317.66
11/12/2018,-8521488.0,-4073895.0,-5057346.0,-167027.0,-8122311.28,-25942067.28
12/5/2018,-7041416.0,-2957976.0,-7152127.0,-2757338.73,-202345.0,-20111202.73
8/7/2018,-4480611.57,-6055999.0,-2935129.65,-412028.0,-575626.0,-14459394.22
8/9/2018,-6716488.0,-9951705.0,-849671.0,-6698562.17,-8632514.0,-32848940.17
11/15/2018,-7446788.0,-4560394.02,-3138400.0,-6787477.0,-3787568.0,-25720627.02
9/16/2018,-5067494.91,-708005.0,-6435095.68,-6864433.0,-2857288.0,-21932316.59
10/18/2018,-9092439.0,-3962182.28,-3385239.0,-4810355.0,-567254.0,-21817469.28
4/26/2018,-9847539.0,-2763791.0,-3887056.0,-3899656.0,-7390882.0,-27788924.0
3/28/2018,-4885636.17,-3510620.91,-8298436.0,-1426708.0,-2645198.0,-20766599.08
4/14/2018,-6333517.0,-1330856.0,-9343139.0,-6166029.36,-78570.0,-23252111.36
12/10/2018,-3332918.0,-2742565.42,-972511.0,-7183638.19,-5741389.29,-19973021.9
12/3/2018,-1201306.0,-6814738.0,-3949260.0,-3611521.0,-1967486.88,-17544311.88
5/30/2018,-6320469.0,-7743156.0,-9362576.0,-719279.0,-8272532.0,-32418012.0
3/3/2018,-4973959.71,-8605011.0,-3982578.0,-315385.0,-2952557.32,-20829491.03
12/25/2018,-5770236.58,-1138554.0,-8659435.0,-8709358.0,-515875.0,-24793458.58
6/17/2018,-5049849.0,-3931647.94,-6248145.38,-4855905.0,-4557557.0,-24643104.32
12/16/2018,-7427508.0,-3356108.04,-428480.0,-8821162.0,-7254720.0,-27287978.04
5/31/2018,-9756681.0,-496741.0,-5775668.0,-7156741.0,-3575980.01,-26761811.01
12/27/2018,-908878.0,-4197794.0,-6546165.0,-7262691.0,-8322832.0,-27238360.0
2/11/2018,-5285787.57,-6526496.0,-8752499.0,-361128.0,-5590779.51,-26516690.08
2/10/2018,-3250776.0,-7038911.0,-2508728.0,-7452514.45,-3116611.0,-23367540.45
11/3/2018,-5053334.05,-5158339.82,-4506036.0,-6482248.0,-2043833.82,-23243791.69
3/3/2018,-6925047.09,-1255311.0,-1619465.71,-9824471.0,-9538518.0,-29162812.8
8/29/2018,-5656532.41,-9760747.0,-840366.0,-7174152.0,-1159247.0,-24591044.41
11/21/2018,-1944879.92,-6766671.0,-1159393.0,-6099264.0,-3706212.0,-19676419.92
10/7/2018,-6141054.08,-6619684.8,-4071643.0,-5192197.32,-4594522.0,-26619101.2
11/17/2018,-7948141.86,-9094345.0,-2933933.0,-8767417.0,-345431.0,-29089267.86
8/14/2018,-8004096.64,-6825436.0,-3476631.64,-2904943.0,-9825492.0,-31036599.28
3/6/2018,-9495055.0,-945794.0,-5964428.0,-1585421.0,-2089273.36,-20079971.36
9/22/2018,-897607.0,-1633524.7,-2943169.0,-1011171.0,-8519999.0,-15005470.7
11/19/2018,-9384539.0,-9305947.0,-5285800.0,-8022446.85,-108618.0,-32107350.85
4/20/2018,-4050939.0,-5313381.0,-2029856.0,-4180930.98,-2581068.0,-18156174.98
11/23/2018,-9927917.0,-8593611.0,-3691180.69,-5685239.5,-5267251.89,-33165200.08
4/21/2018,-5860231.61,-5645146.0,-5932654.0,-489560.0,-1997945.0,-19925536.61
6/16/2018,-5041501.0,-6794081.0,-6531893.0,-5223387.0,-1696965.04,-25287827.04
10/2/2018,-7422638.0,-6885611.0,-4853727.0,-4330311.0,-8778410.0,-32270697.0
7/19/2018,-9057616.0,-1258411.0,-1376420.0,-9640966.0,-1805481.04,-23138894.04
12/19/2018,-778018.0,-4017622.0,-4629735.0,-8367188.0,-9736611.0,-27529174.0
12/27/2018,-8378951.21,-8777402.0,-646309.0,-3322281.0,-8720812.0,-29845755.21
8/8/2018,-317069.0,-8281638.0,-4889872.17,-1788424.29,-1644655.0,-16921658.46
1/23/2018,-3087305.0,-2177400.0,-2481710.24,-8477595.0,-172343.0,-16396353.24
6/9/2018,-2916364.96,-7632047.0,-100710.0,-1430385.0,-7773319.7,-19852826.66
1/15/2018,-2539007.0,-5861718.0,-2770110.0,-2082196.0,-3323340.31,-16576371.31
11/23/2018,-6741040.0,-7996153.0,-3406543.0,-412321.0,-2373956.18,-20930013.18
12/3/2018,-2643677.0,-3432030.3,-3622132.51,-4787839.0,-8819278.0,-23304956.81
11/14/2018,-2603923.0,-8193101.0,-7434780.0,-4422952.0,-7126947.0,-29781703.0
1/9/2018,-3959435.0,-4870339.0,-4239746.06,-3143366.31,-6002079.0,-22214965.37
11/16/2018,-3078249.0,-4586045.23,-3718199.25,-382107.0,-5936067.21,-17700667.69
2/5/2018,-689371.0,-904027.0,-5240957.61,-2052432.0,-5858693.0,-14745480.61
1/20/2018,-808351.0,-963531.0,-7995370.0,-5853957.69,-482531.0,-16103740.69
12/9/2018,-8350757.63,-2157574.0,-9689218.0,-5700116.19,-3401519.0,-29299184.82
7/12/2018,-8587736.0,-2284620.0,-910805.0,-7758404.13,-2833437.16,-22375002.29
3/26/2018,-7003464.89,-6230831.87,-8540346.0,-3756522.0,-5827909.0,-31359073.76
8/31/2018,-3889732.0,-5432846.0,-2458317.0,-8421630.0,-1424434.0,-21626959.0
1/17/2018,-122479.0,-4855493.37,-5658340.31,-2851330.81,-9249875.0,-22737518.49
6/27/2018,-4747751.0,-9827578.0,-5199224.64,-9905317.0,-9591589.0,-39271459.64
8/22/2018,-2753837.19,-5363953.0,-8115273.67,-3911884.02,-1006504.0,-21151451.88
7/9/2018,-3578065.0,-4512782.32,-6477050.83,-6691825.0,-3472495.2,-24732218.35
4/24/2018,-8372777.0,-5005579.73,-4465319.03,-8705267.0,-9787818.0,-36336760.76
8/31/2018,-518287.0,-5831032.0,-2447716.54,-2687371.0,-6784835.0,-18269241.54
1/28/2018,-5715252.54,-2945408.0,-6015971.0,-8472290.0,-3934737.47,-27083659.01
10/10/2018,-6854278.0,-9221031.0,-8227616.0,-7223095.0,-4281622.0,-35807642.0
12/9/2018,-8183029.87,-6908223.0,-3947282.0,-585477.0,-2332641.0,-21956652.87
12/12/2018,-1306765.0,-9343221.0,-1552531.0,-6868393.0,-4528480.16,-23599390.16
7/1/2018,-9610942.0,-3057386.0,-2836398.0,-3734731.0,-8993859.0,-28233316.0
4/25/2018,-3141938.73,-4378050.0,-2916609.0,-3852442.0,-2741239.0,-17030278.73
9/2/2018,-1308114.0,-6093404.0,-7427798.24,-380468.0,-294814.0,-15504598.24
4/24/2018,-2919878.0,-4993192.0,-7575569.0,-3037726.06,-918004.0,-19444369.06
5/19/2018,-6258669.0,-3655518.88,-303566.0,-9322540.0,-1543835.0,-21084128.88
10/25/2018,-3597492.25,-4290135.0,-8274176.0,-8572585.0,-9950079.0,-34684467.25
11/7/2018,-6092022.0,-6815094.0,-1299907.0,-424014.0,-1775104.0,-16406141.0
12/27/2018,-9788583.0,-4169923.0,-4234181.78,-6746088.0,-6740291.91,-31679067.69
1/6/2018,-6388647.04,-4402186.0,-7014966.0,-5633182.31,-9816046.0,-33255027.35
1/17/2018,-8519798.0,-2880728.5,-8369035.42,-4936189.0,-7340355.0,-32046105.92
6/7/2018,-4238898.0,-1387982.0,-2375992.0,-8624440.0,-8987041.0,-25614353.0
2/19/2018,-5159796.92,-2415746.39,-941022.0,-2285398.0,-7984441.0,-18786404.31
8/11/2018,-9734830.0,-117324.0,-5922680.0,-1576633.0,-7462531.0,-24813998.0
6/6/2018,-5265678.14,-621998.0,-7739043.0,-2752892.0,-8299620.91,-24679232.05
11/25/2018,-4177448.0,-2930547.0,-211354.0,-5987948.0,-3865833.0,-17173130.0
3/28/2018,-4681029.4,-7148000.0,-1269573.0,-5123725.0,-3905309.0,-22127636.4
11/6/2018,-245816.0,-7636932.0,-9479319.0,-6573010.0,-9326525.0,-33261602.0
1/5/2018,-7685723.0,-2784849.71,-9553077.0,-1474477.0,-7670337.0,-29168463.71
2/17/2018,-893272.0,-7036100.0,-2412153.12,-5277772.49,-5568308.0,-21187605.61
3/18/2018,-894373.0,-9136957.0,-5178422.0,-2169219.53,-4499392.0,-21878363.53
5/23/2018,-8548018.0,-8885099.0,-7530782.0,-1841547.37,-5947414.0,-32752860.37
7/10/2018,-7580453.31,-1827977.71,-8603942.0,-7508533.12,-2683605.82,-28204511.96
10/11/2018,-3833140.42,-4116580.07,-6158853.0,-8872964.0,-6179730.0,-29161267.49
2/5/2018,-5726732.11,-9420628.0,-8795943.0,-5036146.0,-7320947.0,-36300396.11
4/8/2018,-3788516.0,-3149728.1,-3112369.0,-7240891.0,-4650552.3,-21942056.4
12/4/2018,-1795733.0,-3715392.46,-4463830.34,-6829836.0,-4433239.0,-21238030.8
6/23/2018,-4094663.88,-1003875.0,-7744835.0,-9450825.0,-5299264.75,-27593463.63
1/12/2018,-3665826.0,-8175534.0,-2733915.0,-9059774.0,-2788357.0,-26423406.0
5/28/2018,-337684.0,-7894337.0,-6063775.0,-9235483.0,-2902501.05,-26433780.05
11/4/2018,-9756961.0,-8674596.0,-7064374.0,-2543302.0,-3125958.01,-31165191.01
1/10/2018,-1345805.0,-6879044.55,-9417219.0,-6815664.0,-6758856.0,-31216588.55
1/5/2018,-5781793.0,-1415388.0,-6250245.0,-3930875.0,-5373727.16,-22752028.16
7/4/2018,-8100279.81,-8925377.0,-7553935.0,-8025762.0,-9450386.0,-42055739.81
8/17/2018,-7032082.14,-987273.0,-1860500.24,-2406078.6,-9895422.0,-22181355.98
9/26/2018,-886747.0,-2941150.14,-1364604.0,-8630282.0,-689266.0,-14512049.14
8/16/2018,-5002665.0,-8846320.0,-8934766.0,-5973486.0,-2825155.0,-31582392.0
7/27/2018,-4069139.5,-4716806.74,-4220957.0,-2395190.0,-679187.0,-16081280.24
7/5/2018,-3361423.55,-8695607.0,-6063693.43,-6303980.71,-1538164.0,-25962868.69
8/18/2018,-4287709.62,-3434106.0,-9698543.0,-7239278.19,-2957884.0,-27617520.81
11/29/2018,-4504753.74,-9026018.0,-4361678.0,-7365854.0,-1358474.0,-26616777.74
8/4/2018,-9716119.0,-3279992.54,-155082.0,-4559074.58,-3020438.0,-20730706.12
11/10/2018,-7154729.65,-3956986.0,-659630.0,-8160215.01,-5683835.0,-25615395.66
10/30/2018,-4602735.76,-1531412.0,-380187.0,-2476784.92,-5620097.0,-14611216.68
10/24/2018,-8781752.0,-2157583.0,-5790655.98,-4645663.95,-6077286.0,-27452940.93
4/30/2018,-9807795.0,-9206033.0,-8800630.0,-156312.0,-1011960.0,-28982730.0
5/21/2018,-7640675.52,-1305677.0,-5549731.35,-9820813.0,-7362099.0,-31678995.87
11/9/2018,-9220603.0,-7450907.0,-9581932.0,-4600557.26,-8942070.0,-39796069.26
5/20/2018,-8380900.17,-1626876.0,-1545516.0,-3642612.0,-9499067.0,-24694971.17
3/4/2018,-9290542.0,-5793434.61,-8800066.0,-1836640.12,-1756132.0,-27476814.73
3/22/2018,-3734916.0,-8360922.0,-2942615.32,-8489732.0,-9728650.0,-33256835.32
12/21/2018,-4891296.0,-1955809.0,-7878783.0,-6076409.0,-1031777.0,-21834074.0
3/7/2018,-8525939.0,-8638144.0,-8764083.0,-2216793.6,-7443392.0,-35588351.6
6/4/2018,-417597.0,-9940155.0,-1697870.0,-7729384.0,-3982789.09,-23767795.09
7/29/2018,-9796178.0,-3031224.0,-4496427.3,-9877862.0,-8519716.0,-35721407.3
12/24/2018,-3186122.0,-5248901.0,-8493196.0,-7329741.0,-5883387.2,-30141347.2
1/10/2018,-4041954.18,-4188376.68,-3350477.21,-857644.0,-8328814.0,-20767266.07
1/11/2018,-8777071.0,-823078.0,-6412739.38,-4290216.0,-7438957.0,-27742061.38
12/8/2018,-7425375.0,-797885.0,-7121733.0,-9734518.0,-3848015.69,-28927526.69
11/22/2018,-5355361.34,-2017660.0,-8049103.0,-5190582.0,-9200450.0,-29813156.34
12/11/2018,-6639340.0,-3484273.0,-6503404.0,-7226284.77,-6381456.4,-30234758.17
8/2/2018,-591170.0,-8887287.0,-3585478.0,-4058499.93,-4527695.65,-21650130.58
9/19/2018,-4871218.0,-2159219.0,-7477074.0,-3526714.59,-8639580.0,-26673805.59
5/16/2018,-8642198.0,-4099465.56,-5181935.0,-6119942.86,-7582096.49,-31625637.91
5/27/2018,-7397334.0,-1870771.58,-7074826.0,-1386131.0,-8110562.0,-25839624.58
3/24/2018,-6093840.0,-6751847.36,-484091.0,-6333049.0,-4738182.89,-24401010.25
1/9/2018,-6996110.0,-5468515.16,-2630089.41,-1450844.0,-4069491.66,-20615050.23
8/3/2018,-8983933.0,-3860479.74,-8303218.81,-9652261.0,-7172251.36,-37972143.91
3/6/2018,-8656994.0,-9091388.0,-8160021.0,-6446218.0,-8527077.0,-40881698.0
11/15/2018,-8060152.0,-5649688.0,-1219311.0,-997790.0,-6408390.0,-22335331.0
10/21/2018,-3261184.34,-5322134.0,-1767834.0,-7004003.0,-236340.0,-17591495.34
2/7/2018,-6184254.6,-7258821.99,-1704222.67,-8138522.46,-7725013.73,-31010835.45
1/20/2018,-9866977.0,-2979476.55,-946873.0,-4787900.46,-1533415.0,-20114642.01
12/15/2018,-6470444.66,-9718516.0,-7920190.0,-5403114.0,-6574991.0,-36087255.66
2/1/2018,-8899603.0,-1079178.0,-3563259.0,-404619.0,-199711.0,-14146370.0
11/20/2018,-8995175.0,-5256723.26,-3782614.8,-3541143.0,-3861737.52,-25437393.58
10/26/2018,-1838511.0,-3243576.0,-2881274.11,-868411.0,-2956403.68,-11788175.79
1/24/2018,-7547783.0,-6599771.0,-5032427.07,-6339601.0,-3209692.46,-28729274.53
12/21/2018,-6861515.0,-4087262.01,-1958672.01,-757955.0,-4519385.92,-18184789.94
4/15/2018,-7481759.57,-9135933.0,-5927359.0,-3645776.06,-5047608.21,-31238435.84
12/8/2018,-4808203.85,-6463077.0,-946369.0,-8543541.0,-1731009.0,-22492199.85
1/6/2018,-7975264.0,-1444929.0,-8233671.02,-743150.0,-6071344.0,-24468358.02
10/19/2018,-5009195.0,-3434225.0,-5800797.08,-1685795.0,-2723710.37,-18653722.45
2/20/2018,-7787446.0,-8387430.38,-1131433.0,-2015987.0,-6402069.0,-25724365.38
2/4/2018,-5208733.5,-7421210.0,-4741093.03,-6237107.0,-8605319.0,-32213462.53
11/1/2018,-8279362.04,-7941880.0,-5785943.0,-1083727.0,-3371579.87,-26462491.91
5/8/2018,-9782920.0,-1415664.0,-8001161.99,-3700009.0,-244949.0,-23144703.99
12/13/2018,-426322.0,-7796465.0,-5525575.58,-9928991.0,-9685225.0,-33362578.58
9/19/2018,-6445543.0,-5219364.69,-5336548.0,-4366938.24,-7729623.04,-29098016.97
8/10/2018,-1793633.36,-6471692.0,-2161749.14,-42964.0,-5411215.0,-15881253.5
6/9/2018,-7355867.91,-6860141.0,-4794029.39,-1822004.53,-7588617.0,-28420659.83
9/13/2018,-1335741.0,-7713160.0,-4805916.0,-7478158.0,-5519013.0,-26851988.0
8/30/2018,-3629736.39,-8872447.0,-4825351.0,-6526252.27,-7200133.0,-31053919.66
8/28/2018,-6939395.0,-8074530.0,-8036378.85,-2487231.0,-4485502.0,-30023036.85
6/4/2018,-7219008.0,-9207826.0,-430342.0,-6501522.4,-478521.0,-23837219.4
12/22/2018,-349490.0,-7060978.0,-7204300.0,-1403561.0,-2625775.64,-18644104.64
6/30/2018,-6412780.0,-5392078.0,-2734288.0,-4244858.33,-6491120.0,-25275124.33
5/20/2018,-225502.0,-8882395.0,-3186628.18,-3162438.16,-901834.0,-16358797.34
2/15/2018,-6296190.0,-8001952.2,-5476996.0,-3319516.95,-4703442.0,-27798097.15
9/6/2018,-4088155.89,-3987402.74,-4068956.9,-4674123.17,-4740872.0,-21559510.7
4/8/2018,-3743987.0,-9658574.0,-7553252.0,-7634864.09,-390620.0,-28981297.09
1/13/2018,-1625064.77,-7685680.0,-4405849.93,-5164929.0,-3839498.0,-22721021.7
5/27/2018,-7208943.0,-5335235.0,-3639218.0,-6378397.0,-721736.0,-23283529.0
5/29/2018,-8269215.87,-7658819.0,-5752354.0,-5749223.92,-6207749.0,-33637361.79
8/2/2018,-6683779.0,-9796593.0,-6385646.0,-4589008.0,-4632309.0,-32087335.0
11/28/2018,-548878.0,-6868042.0,-8659427.0,-8578874.0,-216933.0,-24872154.0
11/10/2018,-870743.0,-5387508.0,-7093012.0,-7315312.83,-2620573.0,-23287148.83
5/28/2018,-1076032.0,-2648994.02,-6073993.46,-1262301.0,-1559038.0,-12620358.48
6/12/2018,-9777300.0,-232464.0,-7211520.0,-762594.0,-2851152.0,-20835030.0
10/28/2018,-7601273.0,-5697439.11,-1269148.0,-4889280.66,-1965306.0,-21422446.77
2/23/2018,-3203276.39,-4224816.77,-3615972.0,-7426843.0,-2860441.73,-21331349.89
7/2/2018,-1790224.0,-1429039.0,-2208139.63,-9311830.0,-114500.0,-14853732.63
8/21/2018,-6114752.0,-8424125.0,-2471916.35,-2698486.0,-8081806.0,-27791085.35
2/17/2018,-4955989.0,-5924113.0,-5496543.47,-3847091.91,-1351521.0,-21575258.38
4/18/2018,-7497224.0,-5133760.0,-8158944.0,-6372085.0,-496318.0,-27658331.0
7/24/2018,-5296723.15,-273861.0,-4054626.43,-2598434.29,-5519645.46,-17743290.33
5/28/2018,-1429890.0,-6538078.0,-9885942.0,-9612813.0,-8722965.0,-36189688.0
12/18/2018,-4094121.28,-6700760.0,-4195669.08,-3983675.0,-1296220.0,-20270445.36
8/26/2018,-8210684.0,-3127095.0,-6438065.0,-283760.0,-7817.0,-18067421.0
5/10/2018,-8640612.0,-6026556.0,-2741947.0,-6970709.0,-3377300.0,-27757124.0
7/31/2018,-2981353.26,-6283330.07,-2472188.0,-2519265.5,-9877339.0,-24133475.83
9/17/2018,-3394534.55,-4321964.69,-2398470.13,-2092411.0,-8851934.0,-21059314.37
7/26/2018,-5724355.0,-556649.0,-122600.0,-6496520.0,-5813151.0,-18713275.0
8/1/2018,-2626113.0,-728229.0,-3022766.0,-8745144.0,-8772935.0,-23895187.0
11/13/2018,-3877529.25,-6542844.64,-5268138.0,-1607926.0,-7847960.0,-25144397.89
8/30/2018,-1064953.0,-697753.0,-5623434.0,-3883534.64,-9109864.0,-20379538.64
7/30/2018,-7818322.0,-5814950.0,-9594638.0,-3029638.43,-3516185.0,-29773733.43
5/20/2018,-3304186.44,-8094700.86,-9344655.0,-787840.0,-3392040.0,-24923422.3
12/12/2018,-5560815.0,-1464176.0,-519003.0,-3981225.7,-7842291.91,-19367511.61
1/9/2018,-3600542.68,-1709172.0,-3754069.69,-4621801.0,-5289096.88,-18974682.25
4/23/2018,-7851560.0,-5616935.0,-633820.0,-4698876.93,-1267550.0,-20068741.93
1/6/2018,-2575085.44,-5141667.0,-1530343.0,-3294856.68,-2907085.0,-15449037.12
8/6/2018,-2918502.31,-9860556.0,-5701416.0,-5583255.72,-6105384.0,-30169114.03
7/8/2018,-3347328.0,-1439661.0,-5392485.0,-6442181.0,-3560514.0,-20182169.0
12/2/2018,-2337766.97,-7083598.0,-8312737.95,-7343934.0,-8393496.0,-33471532.92
4/13/2018,-3704936.47,-725488.0,-4625920.0,-2766886.57,-4018454.0,-15841685.04
4/23/2018,-1351064.0,-8561636.0,-2469123.0,-4195933.0,-3189543.67,-19767299.67
7/9/2018,-6182134.2,-6035395.0,-1154248.0,-8585793.0,-4272695.78,-26230265.98
1/30/2018,-332821.0,-9429807.0,-4714503.93,-7499225.0,-5214147.77,-27190504.7
5/10/2018,-8262669.0,-2379412.0,-5052357.0,-5773749.0,-8951253.0,-30419440.0
1/5/2018,-4257207.0,-5338568.0,-5830094.0,-9915301.0,-1854288.52,-27195458.52
6/5/2018,-4868707.0,-4726231.0,-5314025.0,-6805412.04,-1337998.0,-23052373.04
8/19/2018,-7135.0,-6803939.0,-6512350.0,-9058366.0,-2912408.0,-25294198.0
1/16/2018,-6447368.52,-1336053.0,-9858533.0,-5049840.0,-7504055.0,-30195849.52
9/30/2018,-8425327.0,-253494.0,-2410830.2,-3285598.19,-2752253.0,-17127502.39
6/18/2018,-3986423.48,-6168069.0,-4871802.0,-3194057.0,-6985093.0,-25205444.48
12/12/2018,-248721.0,-1936858.0,-7125078.0,-5316757.0,-939486.0,-15566900.0
5/11/2018,-2493895.73,-8209948.14,-1463160.0,-9788372.0,-7062359.0,-29017734.87
11/9/2018,-2117731.19,-8019222.0,-8750439.0,-5806137.0,-584907.0,-25278436.19
9/17/2018,-9698391.0,-2642566.0,-7090603.0,-4740554.9,-8222965.0,-32395079.9
7/7/2018,-3621876.0,-5975481.73,-8008313.23,-9428915.0,-9695724.0,-36730309.96
11/3/2018,-2094374.0,-3862045.0,-6091948.0,-7859077.93,-4863999.0,-24771443.93
10/30/2018,-9340540.0,-8099560.0,-6797672.0,-7151104.0,-45277.0,-31434153.0
6/20/2018,-3602032.09,-652477.0,-3264721.86,-6700995.0,-7026426.0,-21246651.95
5/15/2018,-8907535.0,-449156.0,-3676580.0,-8914858.0,-2577952.0,-24526081.0
7/13/2018,-2759431.0,-705330.0,-7432104.0,-2951108.0,-1643715.7,-15491688.7
1/1/2018,-1537233.0,-8708008.0,-4984594.15,-239344.0,-8553502.0,-24022681.15
9/8/2018,-6630648.71,-8376902.22,-1439389.0,-2913786.0,-6252975.0,-25613700.93
5/22/2018,-4396162.0,-8153608.0,-8020688.04,-1621872.0,-5285537.18,-27477867.22
2/2/2018,-1768190.0,-4865929.0,-3233376.0,-4940648.88,-3803946.0,-18612089.88
3/22/2018,-7612519.01,-2890009.0,-7441902.0,-5867357.0,-4337817.0,-28149604.01
1/8/2018,-9208776.0,-8063591.0,-4910524.49,-9212527.0,-2430458.0,-33825876.49
2/27/2018,-7969410.0,-9986958.0,-3274258.38,-749295.0,-194109.0,-22174030.38
2/18/2018,-1811616.0,-3273467.4,-9728410.0,-3168308.0,-2908255.0,-20890056.4
11/6/2018,-4648289.62,-3325921.04,-9796304.0,-9657672.0,-7773983.66,-35202170.32
10/8/2018,-168165.0,-1783455.57,-8099810.0,-2668466.64,-6121162.13,-18841059.34
11/14/2018,-2929043.99,-3967514.35,-537298.0,-4372227.13,-2699056.43,-14505139.9
2/1/2018,-2943827.0,-5905772.0,-4366360.0,-975727.0,-852590.0,-15044276.0
10/12/2018,-5627556.0,-9511544.0,-8329202.0,-2009976.0,-3372315.0,-28850593.0
3/26/2018,-1894444.4,-6440638.0,-3408872.0,-3824796.99,-5612681.0,-21181432.39
1/30/2018,-3536710.0,-2089215.79,-5950929.0,-3010178.62,-4532318.51,-19119351.92
10/26/2018,-7775706.0,-391105.0,-572142.0,-8514881.0,-5901607.0,-23155441.0
5/25/2018,-1113658.0,-7126014.39,-966392.0,-5277722.55,-6205435.0,-20689221.94
7/28/2018,-6874029.0,-8482534.0,-2151056.0,-655890.0,-407063.0,-18570572.0
11/9/2018,-5652003.57,-6538480.0,-6831296.0,-5128490.0,-8545811.0,-32696080.57
2/13/2018,-8145707.0,-4240952.0,-2134444.0,-2158817.0,-3581354.03,-20261274.03
8/27/2018,-4963834.0,-6122751.83,-2410219.32,-3574331.87,-8737344.0,-25808481.02
12/18/2018,-4871283.0,-4773809.0,-5749765.0,-171615.0,-3317373.31,-18883845.31
3/16/2018,-8525461.0,-6661453.0,-21699.0,-4491449.84,-6737903.72,-26437966.56
11/24/2018,-201246.0,-3813593.0,-3256267.42,-5024886.0,-2309789.97,-14605782.39
5/2/2018,-8061831.22,-4570744.39,-2341214.13,-90906.0,-7730077.0,-22794772.74
2/8/2018,-9665407.0,-6435896.0,-5467708.0,-3987655.0,-2310953.08,-27867619.08
5/24/2018,-1209741.0,-2659435.0,-7822454.0,-1168391.0,-3576432.56,-16436453.56
12/29/2018,-2676990.0,-2293212.98,-9840231.0,-4307171.0,-6698289.0,-25815893.98
5/31/2018,-3235992.0,-9579418.0,-6879543.93,-1523174.0,-175232.0,-21393359.93
6/3/2018,-6914393.0,-3635897.94,-3488581.56,-6657097.0,-1824522.78,-22520492.28
4/10/2018,-3052491.0,-4180637.21,-4056442.2,-7509678.16,-2683184.0,-21482432.57
9/28/2018,-2067387.84,-5204041.0,-6313689.0,-4251318.58,-9631709.0,-27468145.42
5/1/2018,-4017860.65,-9307136.0,-3485556.0,-7497938.0,-1572842.0,-25881332.65
1/25/2018,-8322241.0,-9188333.0,-5366542.0,-356809.0,-1668490.0,-24902415.0
3/8/2018,-8603781.0,-4952904.0,-7122934.0,-1536996.0,-7771985.0,-29988600.0
5/22/2018,-4211778.0,-769477.0,-6956747.0,-9142287.0,-2501726.0,-23582015.0
1/8/2018,-3615817.0,-4315804.0,-5661518.0,-7795372.0,-8485328.0,-29873839.0
10/30/2018,-5511990.2,-9665978.0,-4404327.49,-8073678.0,-9291763.0,-36947736.69
6/18/2018,-3016394.7,-8057987.0,-4654199.05,-1223158.0,-132317.0,-17084055.75
12/8/2018,-7180959.02,-4188828.0,-1389059.0,-3615328.0,-763107.0,-17137281.02
8/27/2018,-8282878.0,-7850422.0,-61521.0,-9616068.0,-3897318.92,-29708207.92
3/12/2018,-203630.0,-2154467.36,-7278057.0,-9488279.0,-5363654.94,-24488088.3
11/27/2018,-6577573.0,-3310158.0,-125936.0,-3920728.0,-2057329.22,-15991724.22
8/23/2018,-3337423.06,-2317771.03,-8806519.0,-7741172.4,-2816977.83,-25019863.32
5/12/2018,-2674824.0,-9413978.0,-2281689.0,-2991685.0,-8951931.0,-26314107.0
3/11/2018,-243390.0,-6502065.0,-2975110.0,-9238665.0,-9848831.0,-28808061.0
5/1/2018,-1443253.0,-9116613.0,-8217313.0,-3439820.0,-1028369.0,-23245368.0
6/1/2018,-7775011.92,-3785692.59,-5012280.0,-1777822.82,-5078628.0,-23429435.33
7/15/2018,-6442527.58,-1550352.0,-7503618.39,-4414534.7,-4723974.75,-24635007.42
7/15/2018,-1742545.34,-3177768.0,-6363060.03,-4765220.51,-9232654.0,-25281247.88
7/7/2018,-5963379.88,-5605477.0,-8090971.25,-6419877.0,-7443991.34,-33523696.47
3/16/2018,-923280.0,-4413060.0,-373103.0,-3831941.32,-4921403.0,-14462787.32
10/3/2018,-6635630.0,-1049658.0,-1538167.0,-572598.0,-8186716.0,-17982769.0
7/24/2018,-5037047.0,-6573655.0,-4323483.29,-7260024.0,-9590748.0,-32784957.29
6/29/2018,-4401681.87,-8061770.0,-2139980.1,-7187080.0,-6013529.05,-27804041.02
9/7/2018,-7833533.0,-8590033.0,-2226256.0,-7872968.0,-7408111.0,-33930901.0
8/3/2018,-4128914.52,-6688108.0,-8894281.0,-1677318.5,-935141.0,-22323763.02
4/19/2018,-4432898.0,-3591087.0,-1979953.0,-6883049.0,-5587553.59,-22474540.59
3/1/2018,-6493740.0,-7979523.0,-2036086.0,-173264.0,-1017150.0,-17699763.0
6/24/2018,-7860452.0,-6581471.0,-9069861.0,-7922648.0,-1506753.0,-32941185.0
11/3/2018,-40082.0,-7434335.0,-7001564.3,-849425.0,-7680629.62,-23006035.92
10/13/2018,-1951132.0,-3382454.1,-9469529.0,-7186404.14,-7739612.67,-29729131.91
1/14/2018,-4631428.14,-5819045.0,-9412617.0,-4738142.0,-1762603.06,-26363835.2
5/23/2018,-5564525.0,-8900067.0,-3305803.0,-2241278.36,-1288689.0,-21300362.36
9/13/2018,-4790187.0,-2638854.04,-16359.0,-6463408.0,-4204440.14,-18113248.18
6/2/2018,-4769938.0,-4378935.0,-6764198.0,-4789090.0,-6785572.0,-27487733.0
1/27/2018,-593106.0,-8686555.0,-2851799.92,-3261706.0,-139743.0,-15532909.92
1/28/2018,-3594976.0,-6356773.0,-4493571.0,-6891348.0,-1168797.0,-22505465.0
8/8/2018,-67786.0,-1944358.02,-8484757.0,-177711.0,-6152643.0,-16827255.02
8/5/2018,-9523410.0,-256241.0,-6127193.0,-1413991.0,-4974216.35,-22295051.35
3/25/2018,-9209746.0,-9739367.0,-1295109.0,-9375859.0,-3569050.0,-33189131.0
8/7/2018,-2378953.0,-5465186.77,-5087304.0,-2238824.82,-8895023.0,-24065291.59
4/5/2018,-3088398.34,-6238274.0,-7723049.22,-9964713.0,-5330829.0,-32345263.56
8/23/2018,-5002752.0,-4299307.62,-1357772.0,-6724312.0,-8006683.06,-25390826.68
10/22/2018,-6807110.0,-4659925.0,-1615327.0,-2556762.33,-9476215.0,-25115339.33
8/1/2018,-3733495.55,-7131078.46,-9792484.0,-6069419.0,-4536190.0,-31262667.01
1/11/2018,-2726157.0,-8693189.0,-9185764.0,-8181570.0,-5013453.33,-33800133.33
12/2/2018,-2931950.75,-6859054.0,-597349.0,-1065076.0,-8753442.0,-20206871.75
6/19/2018,-4017846.8,-1027929.0,-4626303.57,-8533000.0,-1937772.4,-20142851.77
8/12/2018,-3518549.81,-6632168.0,-8364994.0,-3538200.92,-952661.0,-23006573.73
2/6/2018,-987657.0,-123195.0,-9875195.0,-1723549.0,-2603956.0,-15313552.0
8/10/2018,-3467269.3,-3673956.0,-319240.0,-1490693.0,-5208646.57,-14159804.87
7/20/2018,-9930476.0,-7389071.0,-3213013.27,-2820399.0,-6524811.0,-29877770.27
5/21/2018,-891950.0,-515889.0,-5883670.0,-3107431.0,-3692175.0,-14091115.0
11/6/2018,-9760433.0,-1753061.89,-5333530.92,-9629939.0,-691320.0,-27168284.81
4/12/2018,-3279092.98,-6676166.67,-4839113.0,-5552833.0,-8288321.0,-28635526.65
9/27/2018,-4928184.48,-2477214.12,-7578893.0,-5412442.17,-465015.0,-20861748.77
12/3/2018,-8807686.0,-375655.0,-8755765.0,-1038891.0,-4575564.0,-23553561.0
7/22/2018,-7770182.0,-5231461.0,-7342616.0,-3875520.0,-965679.0,-25185458.0
4/27/2018,-570371.0,-8483432.0,-8057617.0,-8297774.51,-8891729.0,-34300923.51
11/18/2018,-3222294.04,-8215537.19,-2420338.58,-3382744.99,-1505177.0,-18746091.8
4/6/2018,-2684603.61,-4866681.0,-7944507.41,-3802666.0,-2891214.11,-22189672.13
6/3/2018,-5249768.8,-9530969.0,-7295554.0,-8821528.0,-4260078.0,-35157897.8
12/5/2018,-2835988.68,-5258395.36,-6354089.0,-892389.0,-7010842.0,-22351704.04
1/31/2018,-729824.0,-5469868.45,-7967344.0,-2884019.0,-8893056.0,-25944111.45
6/15/2018,-5848636.0,-5302555.0,-4261843.0,-8428312.0,-561434.0,-24402780.0
5/23/2018,-6096486.0,-2973251.28,-1274087.0,-3826150.0,-2911261.22,-17081235.5
6/29/2018,-1110447.0,-2029795.0,-8869748.0,-3342136.0,-110848.0,-15462974.0
11/29/2018,-8228003.15,-2106970.65,-3233743.21,-2892377.07,-5725575.0,-22186669.08
5/1/2018,-7542949.39,-4950448.0,-7271547.0,-4266642.0,-6340052.0,-30371638.39
5/14/2018,-2203078.22,-8080266.0,-3534448.0,-3888964.0,-5567653.0,-23274409.22
6/25/2018,-1459712.0,-1749334.99,-3634683.7,-4794229.0,-9542749.0,-21180708.69
6/11/2018,-1782899.0,-7084707.0,-6951809.0,-7456674.0,-6502431.0,-29778520.0
1/15/2018,-2549318.1,-1138867.0,-6576194.0,-7185447.0,-9178204.0,-26628030.1
1/17/2018,-7945175.08,-9047617.0,-9602636.0,-6171121.0,-2473804.0,-35240353.08
12/26/2018,-3120981.0,-2096488.0,-7861101.46,-1672381.42,-8798572.0,-23549523.88
3/3/2018,-9721965.0,-2102947.0,-1559741.0,-2291710.0,-2235170.0,-17911533.0
10/1/2018,-5494415.0,-731882.0,-2438976.86,-5974195.0,-9769028.0,-24408496.86
11/22/2018,-715889.0,-1026408.0,-6843764.0,-6999513.0,-8468513.0,-24054087.0
5/19/2018,-7987100.78,-3632090.04,-7030838.0,-5135819.0,-4521005.45,-28306853.27
12/17/2018,-9674204.0,-5000899.76,-7419617.83,-6459868.0,-8351887.0,-36906476.59
6/12/2018,-3715173.0,-8151408.0,-8916004.0,-9822072.0,-7245145.0,-37849802.0
8/28/2018,-1636252.66,-6130709.24,-4251351.0,-7004871.0,-3528754.0,-22551937.9
7/7/2018,-9985863.0,-6001021.0,-9496049.0,-4442400.74,-7869796.0,-37795129.74
2/19/2018,-9852803.0,-9177441.0,-2306461.53,-9450585.0,-4126530.3,-34913820.83
1/5/2018,-1885567.07,-3795401.0,-6850046.0,-1796734.81,-1479050.0,-15806798.88
7/9/2018,-6114167.0,-2661495.0,-9758304.0,-8596613.0,-1352005.0,-28482584.0
10/29/2018,-7489997.0,-7307823.0,-5252477.0,-923837.0,-2182327.0,-23156461.0
9/25/2018,-7301366.0,-3219094.78,-1303514.0,-6171387.0,-8899205.0,-26894566.78
1/21/2018,-9213836.0,-6327718.34,-1574560.0,-9501515.0,-1792595.75,-28410225.09
1/22/2018,-5438677.0,-1692190.56,-6369643.0,-8904696.0,-7030525.0,-29435731.56
7/28/2018,-52110.0,-680316.0,-3126358.55,-2814544.57,-252134.0,-6925463.12
7/11/2018,-4348581.0,-2478234.0,-6925663.0,-3371299.0,-4221010.0,-21344787.0
11/5/2018,-7087965.0,-2719109.5,-179757.0,-6032460.0,-1316861.0,-17336152.5
12/15/2018,-2636652.0,-4923848.1,-2341966.18,-5644862.0,-9081447.0,-24628775.28
7/15/2018,-788847.0,-2851873.36,-7096816.0,-1502464.0,-997294.0,-13237294.36
9/18/2018,-6500327.95,-7141911.59,-434986.0,-2952712.0,-254931.0,-17284868.54
6/29/2018,-7638774.0,-9314777.0,-6177010.0,-6202552.58,-4268308.0,-33601421.58
1/13/2018,-1710709.65,-8898343.0,-6956875.0,-5329293.46,-8368250.0,-31263471.11
4/30/2018,-2892688.57,-4916588.0,-5380135.0,-2023037.02,-8029084.0,-23241532.59
8/12/2018,-398413.0,-4199828.0,-7235720.0,-637783.0,-1542039.0,-14013783.0
8/31/2018,-5459227.91,-8411787.0,-664571.0,-919931.0,-2720924.0,-18176440.91
4/14/2018,-330943.0,-4926904.0,-7626868.0,-3378428.54,-7803392.97,-24066536.51
8/12/2018,-6030032.48,-8250691.0,-854050.0,-7133459.31,-9942797.0,-32211029.79
8/14/2018,-1742553.92,-4824919.55,-7545558.0,-4479649.0,-4302218.96,-22894899.43
12/10/2018,-9173668.0,-5003458.0,-2413406.0,-9153220.0,-6204847.0,-31948599.0
10/3/2018,-7346997.0,-1509064.0,-4362844.0,-980437.0,-5245760.25,-19445102.25
11/2/2018,-5135989.0,-3324423.39,-8068695.0,-9364203.0,-7415506.73,-33308817.12
5/25/2018,-8849526.0,-2209042.4,-8160633.0,-5247493.03,-7944755.07,-32411449.5
1/5/2018,-8092977.0,-9335744.0,-667744.0,-9360010.0,-7527852.97,-34984327.97
12/27/2018,-9992744.0,-2872713.0,-6662668.0,-5570241.41,-8050958.0,-33149324.41
12/24/2018,-5376352.0,-7071255.46,-5591678.0,-6201098.87,-8951937.0,-33192321.33
9/19/2018,-5476741.71,-5539814.36,-7807172.0,-9559901.0,-320472.0,-28704101.07
10/1/2018,-3206945.0,-5422489.0,-7325063.0,-2695671.0,-2458306.0,-21108474.0
10/27/2018,-8146985.0,-2814352.82,-2737041.92,-8331890.0,-2519014.97,-24549284.71
3/20/2018,-7081068.0,-1619889.92,-2768493.0,-6399359.42,-9077356.0,-26946166.34
5/28/2018,-1890792.21,-3981506.0,-1197971.0,-3607184.18,-7285777.0,-17963230.39
12/28/2018,-4887853.0,-1639993.5,-4027382.0,-3044354.0,-5444223.0,-19043805.5
11/6/2018,-1972890.44,-571114.0,-7668765.25,-151682.0,-5657497.54,-16021949.23
3/27/2018,-8102774.82,-4966946.58,-6195254.99,-8941977.0,-9199943.0,-37406896.39
2/22/2018,-6308221.75,-8947311.0,-3264766.2,-636454.0,-308213.0,-19464965.95
6/27/2018,-5058640.73,-8430519.0,-8622220.0,-7979654.0,-1094973.0,-31186006.73
1/17/2018,-2257440.77,-4566296.85,-405565.0,-5779859.67,-2501873.0,-15511035.29
11/13/2018,-1308362.0,-8154471.91,-2520855.0,-3812732.0,-9407071.0,-25203491.91
4/12/2018,-2988224.0,-6422456.52,-4314830.16,-7583216.0,-2472021.43,-23780748.11
7/27/2018,-5644788.0,-2318330.0,-3674948.0,-2940784.08,-3534603.9,-18113453.98
6/21/2018,-3447150.0,-1144837.0,-7133565.0,-1977532.09,-2513123.0,-16216207.09
11/21/2018,-8423120.0,-2075820.39,-3440414.47,-2760045.01,-2087877.0,-18787276.87
8/26/2018,-7050390.0,-6455245.0,-3375758.55,-6473739.0,-464972.0,-23820104.55
6/18/2018,-1757832.89,-2420726.0,-6795660.5,-3062137.84,-9196828.0,-23233185.23
10/25/2018,-9370600.0,-4888312.83,-4492378.77,-8792399.0,-283930.0,-27827620.6
9/27/2018,-1180371.0,-2314253.0,-1282137.0,-3273510.0,-6034742.0,-14085013.0
6/12/2018,-9960386.0,-8740578.0,-9444701.0,-4830964.0,-6639982.0,-39616611.0
3/9/2018,-9129287.0,-3628318.0,-5831997.0,-2940818.0,-1391081.0,-22921501.0
11/20/2018,-8523377.0,-2740849.0,-9205842.0,-6218988.0,-3013063.0,-29702119.0
12/12/2018,-4784179.0,-6816519.0,-8899181.0,-9472028.0,-3607131.0,-33579038.0
8/28/2018,-2250283.89,-8378144.92,-2052237.35,-7055269.0,-4436168.47,-24172103.63
1/24/2018,-4564327.0,-2530954.0,-8636315.0,-3410497.0,-7421437.0,-26563530.0
10/3/2018,-9830123.0,-6918945.0,-1684329.02,-4972059.81,-9577201.0,-32982657.83
6/21/2018,-8339996.0,-8941316.0,-8217087.96,-2620202.56,-4458816.0,-32577418.52
11/24/2018,-5759790.0,-1238979.0,-6911043.0,-1699643.0,-7561450.0,-23170905.0
1/30/2018,-9204952.0,-3322818.56,-5579687.97,-3364073.34,-3224044.0,-24695575.87
1/27/2018,-4719036.04,-5875653.0,-4260721.89,-3258905.97,-9533730.0,-27648046.9
9/29/2018,-4924336.0,-986738.0,-4742325.0,-4565747.0,-9660345.0,-24879491.0
1/16/2018,-3689624.0,-245593.0,-321400.0,-7803041.0,-5441772.43,-17501430.43
5/18/2018,-2524699.0,-6766403.32,-5718262.0,-6139490.38,-435156.0,-21584010.7
7/1/2018,-5367403.0,-4798022.0,-5853140.0,-3187388.0,-7260537.0,-26466490.0
7/20/2018,-6903999.0,-9238352.0,-3753572.19,-1506156.0,-7680278.0,-29082357.19
5/20/2018,-645461.0,-5047767.38,-9504028.0,-9905861.0,-8724416.0,-33827533.38
1/14/2018,-714827.0,-3126954.0,-799503.0,-4907312.0,-8144000.0,-17692596.0
1/30/2018,-5333717.0,-7639421.72,-7098618.0,-7211046.0,-6287971.0,-33570773.72
8/19/2018,-2926480.0,-540725.0,-6778734.0,-2433854.19,-1947267.32,-14627060.51
3/9/2018,-7449250.96,-2319341.0,-5307906.0,-2713735.0,-5728881.92,-23519114.88
2/10/2018,-3121972.19,-9074897.0,-4687544.0,-1123229.0,-772116.0,-18779758.19
12/28/2018,-5714676.31,-9042466.0,-3488881.87,-2334805.0,-6325579.0,-26906408.18
9/12/2018,-786197.0,-4380032.0,-2429431.26,-2595742.53,-185957.0,-10377359.79
2/15/2018,-4513054.51,-5426795.49,-9155166.0,-4549261.0,-5821328.98,-29465605.98
5/25/2018,-2415883.93,-8934864.0,-4472643.0,-9079441.0,-3165368.0,-28068199.93
3/20/2018,-6440551.0,-9243134.0,-4406687.0,-6154535.0,-9671446.0,-35916353.0
6/4/2018,-9478976.0,-319592.0,-6809993.54,-9513564.0,-1216748.0,-27338873.54
1/4/2018,-8147958.25,-5251003.87,-7608837.0,-992738.0,-5315898.0,-27316435.12
2/9/2018,-3626245.16,-4900330.03,-8418512.0,-7398971.0,-4392300.0,-28736358.19
6/19/2018,-6494435.0,-2410255.62,-2331277.57,-2500108.0,-4071888.51,-17807964.7
5/24/2018,-9398910.0,-260806.0,-6097082.08,-9366049.0,-5124723.43,-30247570.51
10/29/2018,-7187468.0,-3608833.0,-8900513.0,-497737.0,-3061463.0,-23256014.0
6/15/2018,-7322679.0,-9710204.0,-8257415.0,-9830099.0,-5948491.0,-41068888.0
